[
{
    "pk": 1, 
    "model": "sites.site", 
    "fields": {
        "domain": "techid.stab-iitb.org", 
        "name": "techid.stab-iitb.org"
    }
},
{
    "pk": 4, 
    "model": "event.event", 
    "fields": {
        "picture": "documents/2014/01/18/sensors_color_mixed.gif", 
        "small_cropping": "4,0,247,243", 
        "name": "Color Detector - Project", 
        "ended": false, 
        "start_time": "2014-01-26T12:30:00Z", 
        "venue": 2, 
        "updated_at": "2014-01-21T12:37:00Z", 
        "dept_elligible": [
            1, 
            2, 
            3, 
            4, 
            5, 
            6, 
            7, 
            8, 
            9, 
            10, 
            11, 
            12, 
            13, 
            14, 
            15
        ], 
        "special_notes": "", 
        "conducted_by": [
            5
        ], 
        "year_elligible": [
            1
        ], 
        "end_note": "", 
        "duration": "15 days", 
        "cropping": "0,85,250,158", 
        "attachements": "", 
        "hostel_elligible": [
            4, 
            15
        ], 
        "created_at": "2014-01-18T11:30:19Z", 
        "description": "<p><font color=\"#c0504d\"><span><b><span>REGISTRATION CLOSED</span></b></span>&nbsp;</font></p>"
    }
},
{
    "pk": 5, 
    "model": "event.event", 
    "fields": {
        "picture": "documents/2014/01/18/index.jpeg", 
        "small_cropping": "86,0,240,154", 
        "name": "Voltage Generator - Project", 
        "ended": false, 
        "start_time": "2014-01-21T12:30:00Z", 
        "venue": 2, 
        "updated_at": "2014-01-21T10:11:30Z", 
        "dept_elligible": [
            1, 
            2, 
            3, 
            4, 
            5, 
            6, 
            7, 
            8, 
            9, 
            10, 
            11, 
            12, 
            13, 
            14, 
            15
        ], 
        "special_notes": "", 
        "conducted_by": [
            8
        ], 
        "year_elligible": [
            1
        ], 
        "end_note": "", 
        "duration": "15 days", 
        "cropping": "0,29,326,125", 
        "attachements": "", 
        "hostel_elligible": [
            4, 
            15
        ], 
        "created_at": "2014-01-18T11:50:39Z", 
        "description": "<p></p><p></p><font color=\"#c0504d\"><span><b><span>REGISTRATION CLOSED</span></b></span></font>\r\n<p></p><p></p>\r\n"
    }
},
{
    "pk": 6, 
    "model": "event.event", 
    "fields": {
        "picture": "documents/2014/01/18/ctdisp_r.gif", 
        "small_cropping": "0,0,300,300", 
        "name": "Capacitive Touch Screens - Project", 
        "ended": false, 
        "start_time": "2014-01-21T12:30:00Z", 
        "venue": 2, 
        "updated_at": "2014-01-21T10:11:19Z", 
        "dept_elligible": [
            1, 
            2, 
            3, 
            4, 
            5, 
            6, 
            7, 
            8, 
            9, 
            10, 
            11, 
            12, 
            13, 
            14, 
            15
        ], 
        "special_notes": "", 
        "conducted_by": [
            8
        ], 
        "year_elligible": [
            1
        ], 
        "end_note": "", 
        "duration": "15 days", 
        "cropping": "0,106,300,194", 
        "attachements": "", 
        "hostel_elligible": [
            4, 
            15
        ], 
        "created_at": "2014-01-18T11:58:12Z", 
        "description": "<p></p><p></p><font color=\"#c0504d\"><span><b><span>REGISTRATION CLOSED</span></b></span></font>\r\n<p></p><br><p></p>\r\n"
    }
},
{
    "pk": 7, 
    "model": "event.event", 
    "fields": {
        "picture": "documents/2014/01/18/images.jpeg", 
        "small_cropping": "33,0,227,194", 
        "name": "Electronic Piano - Project", 
        "ended": false, 
        "start_time": "2014-01-31T12:30:00Z", 
        "venue": 2, 
        "updated_at": "2014-01-29T18:21:21Z", 
        "dept_elligible": [
            1, 
            2, 
            3, 
            4, 
            5, 
            6, 
            7, 
            8, 
            9, 
            10, 
            11, 
            12, 
            13, 
            14, 
            15
        ], 
        "special_notes": "", 
        "conducted_by": [
            8
        ], 
        "year_elligible": [
            1
        ], 
        "end_note": "", 
        "duration": "15 days", 
        "cropping": "0,59,259,135", 
        "attachements": "", 
        "hostel_elligible": [
            4, 
            15
        ], 
        "created_at": "2014-01-18T12:00:06Z", 
        "description": "<p></p><span style=\"background-color: rgb(0, 0, 0);\"><span style=\"color: #c0504d;\"><b><span style=\"background-color: rgb(255, 255, 255);\">REGISTRATION CLOSED</span></b></span><br></span><p></p>\r\n"
    }
},
{
    "pk": 4, 
    "model": "event.individualevent", 
    "fields": {
        "submission": false, 
        "conducted_by": [
            5
        ], 
        "dept_elligible": [
            1, 
            2, 
            3, 
            4, 
            5, 
            6, 
            7, 
            8, 
            9, 
            10, 
            11, 
            12, 
            13, 
            14, 
            15
        ], 
        "year_elligible": [
            1
        ], 
        "submission_on": null, 
        "deadline_to_register": "2014-01-20T06:29:59Z", 
        "hostel_elligible": [
            4, 
            15
        ], 
        "other_notes": ""
    }
},
{
    "pk": 5, 
    "model": "event.individualevent", 
    "fields": {
        "submission": false, 
        "conducted_by": [
            8
        ], 
        "dept_elligible": [
            1, 
            2, 
            3, 
            4, 
            5, 
            6, 
            7, 
            8, 
            9, 
            10, 
            11, 
            12, 
            13, 
            14, 
            15
        ], 
        "year_elligible": [
            1
        ], 
        "submission_on": null, 
        "deadline_to_register": "2014-01-20T06:29:59Z", 
        "hostel_elligible": [
            4, 
            15
        ], 
        "other_notes": ""
    }
},
{
    "pk": 6, 
    "model": "event.individualevent", 
    "fields": {
        "submission": false, 
        "conducted_by": [
            8
        ], 
        "dept_elligible": [
            1, 
            2, 
            3, 
            4, 
            5, 
            6, 
            7, 
            8, 
            9, 
            10, 
            11, 
            12, 
            13, 
            14, 
            15
        ], 
        "year_elligible": [
            1
        ], 
        "submission_on": null, 
        "deadline_to_register": "2014-01-20T06:29:59Z", 
        "hostel_elligible": [
            4, 
            15
        ], 
        "other_notes": ""
    }
},
{
    "pk": 7, 
    "model": "event.individualevent", 
    "fields": {
        "submission": false, 
        "conducted_by": [
            8
        ], 
        "dept_elligible": [
            1, 
            2, 
            3, 
            4, 
            5, 
            6, 
            7, 
            8, 
            9, 
            10, 
            11, 
            12, 
            13, 
            14, 
            15
        ], 
        "year_elligible": [
            1
        ], 
        "submission_on": null, 
        "deadline_to_register": "2014-01-20T06:29:59Z", 
        "hostel_elligible": [
            4, 
            15
        ], 
        "other_notes": ""
    }
},
{
    "pk": 2, 
    "model": "signup.user", 
    "fields": {
        "first_name": "Prithviraj", 
        "last_name": "madhukar", 
        "room": "123", 
        "rollno": "", 
        "mobile": "", 
        "photo": "documents/2014/01/22/got.jpg", 
        "skill": [
            1, 
            2, 
            3
        ], 
        "is_active": true, 
        "ldap_username": "", 
        "last_login": "2014-02-03T20:01:55Z", 
        "year": 1, 
        "department": 1, 
        "is_admin": true, 
        "cropping": "768,0,1579,1080", 
        "password": "pbkdf2_sha256$10000$YWhUk2OcsXLH$dSkicgeNCLdAb+Q08ImTeUtmT3qUo55jLjahZOzMzcI=", 
        "alternate_email": "", 
        "email": "stab.iitb@gmail.com", 
        "hostel": 1
    }
},
{
    "pk": 3, 
    "model": "signup.user", 
    "fields": {
        "first_name": "BILLA MADHUKAR", 
        "last_name": "PRITHVIRAJ", 
        "room": "123", 
        "rollno": "110050065", 
        "mobile": "9167428191", 
        "photo": "documents/2014/01/20/devil_may_cry-HD.jpg", 
        "skill": [
            1, 
            2, 
            25, 
            49
        ], 
        "is_active": true, 
        "ldap_username": "prithviraj", 
        "last_login": "2014-01-29T18:21:43Z", 
        "year": 1, 
        "department": 1, 
        "is_admin": false, 
        "cropping": "365,6,1171,1080", 
        "password": "pbkdf2_sha256$10000$3tYiuiU5JaVm$jfeMKqWChGuMMEXAgz2pzrdhjZapBdPvERMyvVv+cYs=", 
        "alternate_email": "prithviraj.m.billa@gmail.com", 
        "email": "prithviraj@iitb.ac.in", 
        "hostel": 1
    }
},
{
    "pk": 4, 
    "model": "signup.user", 
    "fields": {
        "first_name": "Prithviraj", 
        "last_name": "Madhukar", 
        "room": "123", 
        "rollno": "", 
        "mobile": "", 
        "photo": "documents/2014/01/09/hobit.png", 
        "skill": [
            4, 
            5, 
            6, 
            7, 
            8
        ], 
        "is_active": true, 
        "ldap_username": "", 
        "last_login": "2014-01-22T11:50:51Z", 
        "year": 1, 
        "department": 1, 
        "is_admin": true, 
        "cropping": "45,2,449,540", 
        "password": "pbkdf2_sha256$10000$HTJUQL2sVFvL$iQD9qgx3cjntPLFaUQiIxbIMhrm+hpVi+Ne3GQjdhzs=", 
        "alternate_email": "prithviraj.m.billa@gmail.com", 
        "email": "prithviraj.m.billa@gmail.com", 
        "hostel": 1
    }
},
{
    "pk": 5, 
    "model": "signup.user", 
    "fields": {
        "first_name": "VARKALA NITHIN", 
        "last_name": "KUMAR", 
        "room": "103", 
        "rollno": "110050053", 
        "mobile": "", 
        "photo": "documents/2014/01/09/Screenshot-2.png", 
        "skill": [], 
        "is_active": true, 
        "ldap_username": "nithin_kumar", 
        "last_login": "2014-01-09T04:30:18Z", 
        "year": 3, 
        "department": 1, 
        "is_admin": false, 
        "cropping": "371,158,906,870", 
        "password": "pbkdf2_sha256$10000$QDc3wiP7eeXJ$dVInzAef6Du49+Ac58LZGAyIIujuqGKFq7uOD3zRigc=", 
        "alternate_email": "", 
        "email": "nithin_kumar@iitb.ac.in", 
        "hostel": 6
    }
},
{
    "pk": 6, 
    "model": "signup.user", 
    "fields": {
        "first_name": "THIPIREDDY BHARGAVA", 
        "last_name": "REDDY", 
        "room": "136", 
        "rollno": "110050078", 
        "mobile": "9167480297", 
        "photo": "", 
        "skill": [], 
        "is_active": true, 
        "ldap_username": "bhargava27", 
        "last_login": "2014-01-09T08:35:30Z", 
        "year": 1, 
        "department": 1, 
        "is_admin": false, 
        "cropping": "", 
        "password": "pbkdf2_sha256$10000$twNVcUUVwiuu$Hqgc3WP3UighmF0Q2aeFQ1FuK9hVPkAqbkBsCdZbMFE=", 
        "alternate_email": "bhargava.iitb@gmail.com", 
        "email": "bhargava27@iitb.ac.in", 
        "hostel": 6
    }
},
{
    "pk": 7, 
    "model": "signup.user", 
    "fields": {
        "first_name": "ASHAY", 
        "last_name": "TEJWANI", 
        "room": "273", 
        "rollno": "100110008", 
        "mobile": "9324111390", 
        "photo": "", 
        "skill": [
            1, 
            2, 
            3, 
            8, 
            10, 
            11, 
            12, 
            13, 
            14, 
            15, 
            17, 
            19, 
            22, 
            23, 
            27, 
            29, 
            33, 
            34, 
            36, 
            37, 
            39, 
            41, 
            47, 
            48
        ], 
        "is_active": true, 
        "ldap_username": "ashaytejwani", 
        "last_login": "2014-01-09T16:02:58Z", 
        "year": 4, 
        "department": 12, 
        "is_admin": false, 
        "cropping": "", 
        "password": "pbkdf2_sha256$10000$u0SyodmbPB64$VVFumgBCemjQShZajodNQiIqhqa8dsf5hZ5PpBz72Ps=", 
        "alternate_email": "ashaytejwani@gmail.com", 
        "email": "ashaytejwani@iitb.ac.in", 
        "hostel": 2
    }
},
{
    "pk": 8, 
    "model": "signup.user", 
    "fields": {
        "first_name": "YEDDU", 
        "last_name": "VAMSIDHAR", 
        "room": "250", 
        "rollno": "110050051", 
        "mobile": "9833926793", 
        "photo": "documents/2014/01/11/pp.jpg", 
        "skill": [
            3, 
            33, 
            34, 
            35, 
            36, 
            37
        ], 
        "is_active": true, 
        "ldap_username": "vamsi_yvd", 
        "last_login": "2014-01-10T18:28:28Z", 
        "year": 3, 
        "department": 1, 
        "is_admin": false, 
        "cropping": "", 
        "password": "pbkdf2_sha256$10000$imXeZPqlPIdS$sXVor7lhaUmahrWkI1YgI50W9PgPrQrX5LxMVpJtOws=", 
        "alternate_email": "vamsidhar666@gmail.com", 
        "email": "vamsi_yvd@iitb.ac.in", 
        "hostel": 6
    }
},
{
    "pk": 9, 
    "model": "signup.user", 
    "fields": {
        "first_name": "VARUN S S", 
        "last_name": "S S", 
        "room": "180", 
        "rollno": "110010056", 
        "mobile": "9920136821", 
        "photo": "", 
        "skill": [], 
        "is_active": true, 
        "ldap_username": "varunss", 
        "last_login": "2014-01-11T10:06:41Z", 
        "year": 3, 
        "department": 3, 
        "is_admin": false, 
        "cropping": "", 
        "password": "pbkdf2_sha256$10000$qlzlSSgHottd$5hV9BfLpzyAS62KZhvRyDBnagr1rYf29VbkZbfjipV4=", 
        "alternate_email": "varunss1993@gmail.com", 
        "email": "varunss@iitb.ac.in", 
        "hostel": 7
    }
},
{
    "pk": 10, 
    "model": "signup.user", 
    "fields": {
        "first_name": "Ankita", 
        "last_name": "Pasad", 
        "room": "322", 
        "rollno": "12D070021", 
        "mobile": "0977361934", 
        "photo": "", 
        "skill": [], 
        "is_active": true, 
        "ldap_username": "12d070021", 
        "last_login": "2014-01-11T10:09:13Z", 
        "year": 2, 
        "department": 2, 
        "is_admin": false, 
        "cropping": "", 
        "password": "pbkdf2_sha256$10000$Ks3jZ3MaiDuM$SQ4UVnNfyRsUX9i0akWXDTUaIK9tvcL1JcTC1fRl+v0=", 
        "alternate_email": "aesha.ajp@gmail.com", 
        "email": "12d070021@iitb.ac.in", 
        "hostel": 10
    }
},
{
    "pk": 11, 
    "model": "signup.user", 
    "fields": {
        "first_name": "SUSHANT", 
        "last_name": "HIRAY", 
        "room": "142", 
        "rollno": "110050009", 
        "mobile": "7588557512", 
        "photo": "documents/2014/01/11/1175138_585553134821255_1428185248_n.jpg", 
        "skill": [
            33, 
            34, 
            35, 
            36, 
            37, 
            38, 
            39, 
            40, 
            41, 
            42
        ], 
        "is_active": true, 
        "ldap_username": "sushant_hiray", 
        "last_login": "2014-01-11T10:54:05Z", 
        "year": 3, 
        "department": 1, 
        "is_admin": false, 
        "cropping": "227,0,705,637", 
        "password": "pbkdf2_sha256$10000$iCSdfYL1NFSX$hp7T7jUtaKBfHcUy1ZSYUOqkjX6BQmur4Gn/BfM0/jc=", 
        "alternate_email": "", 
        "email": "sushant_hiray@iitb.ac.in", 
        "hostel": 3
    }
},
{
    "pk": 12, 
    "model": "signup.user", 
    "fields": {
        "first_name": "VASANTHAM", 
        "last_name": "SREEJA", 
        "room": "303", 
        "rollno": "120070051", 
        "mobile": "9920610417", 
        "photo": "", 
        "skill": [], 
        "is_active": true, 
        "ldap_username": "sreeja.v", 
        "last_login": "2014-01-11T11:24:40Z", 
        "year": 2, 
        "department": 2, 
        "is_admin": false, 
        "cropping": "", 
        "password": "pbkdf2_sha256$10000$ewCFqxEi76F2$tqKtGgmuMqhYNzz0+K5EpGHF9QrDS/eoiVjlZCn5PBo=", 
        "alternate_email": "sreejavasantham.1234@gmail.com", 
        "email": "sreeja.v@iitb.ac.in", 
        "hostel": 10
    }
},
{
    "pk": 13, 
    "model": "signup.user", 
    "fields": {
        "first_name": "Kunal", 
        "last_name": "Tyagi", 
        "room": "43", 
        "rollno": "120010006", 
        "mobile": "7738874289", 
        "photo": "", 
        "skill": [
            3, 
            4, 
            5, 
            6, 
            7, 
            8, 
            9, 
            10, 
            23, 
            24, 
            25, 
            33, 
            34, 
            35, 
            37, 
            38, 
            39, 
            46, 
            48
        ], 
        "is_active": true, 
        "ldap_username": "kunaltyagi", 
        "last_login": "2014-01-11T12:22:14Z", 
        "year": 2, 
        "department": 3, 
        "is_admin": false, 
        "cropping": "", 
        "password": "pbkdf2_sha256$10000$DQCXBnnAdMft$x78MgaoMLnN59UcRsnBUJqZmViQ8MhY1I0E+xpp32Zk=", 
        "alternate_email": "thekunaltyagi@yahoo.com", 
        "email": "kunaltyagi@iitb.ac.in", 
        "hostel": 6
    }
},
{
    "pk": 14, 
    "model": "signup.user", 
    "fields": {
        "first_name": "Manish Shailesh", 
        "last_name": "Goregaokar", 
        "room": "31", 
        "rollno": "120260006", 
        "mobile": "9167337978", 
        "photo": "", 
        "skill": [], 
        "is_active": true, 
        "ldap_username": "manishg", 
        "last_login": "2014-01-11T12:27:41Z", 
        "year": 2, 
        "department": 11, 
        "is_admin": false, 
        "cropping": "", 
        "password": "pbkdf2_sha256$10000$CnoHZ71vPO6l$m6kQA+BBtAtKsWDvegae4ooolF0re+ep4KzAMpnwtLg=", 
        "alternate_email": "manishsmail@gmail.com", 
        "email": "manishg@iitb.ac.in", 
        "hostel": 2
    }
},
{
    "pk": 15, 
    "model": "signup.user", 
    "fields": {
        "first_name": "RANVEER", 
        "last_name": "AGGARWAL", 
        "room": "101", 
        "rollno": "120050020", 
        "mobile": "9867744457", 
        "photo": "", 
        "skill": [], 
        "is_active": true, 
        "ldap_username": "ranveer", 
        "last_login": "2014-02-10T17:30:57Z", 
        "year": 2, 
        "department": 1, 
        "is_admin": false, 
        "cropping": "", 
        "password": "pbkdf2_sha256$10000$6RfjbHR7rrxi$2oEQgKVQmxQUGL605XWWRbVbEvwHkFG3WTd7YrqdAdk=", 
        "alternate_email": "ranveeraggarwal@gmail.com", 
        "email": "ranveer@iitb.ac.in", 
        "hostel": 3
    }
},
{
    "pk": 16, 
    "model": "signup.user", 
    "fields": {
        "first_name": "NIMIT KUMAR", 
        "last_name": "SINGH", 
        "room": "174", 
        "rollno": "120070015", 
        "mobile": "9769563411", 
        "photo": "", 
        "skill": [], 
        "is_active": true, 
        "ldap_username": "120070015", 
        "last_login": "2014-01-11T18:42:45Z", 
        "year": 2, 
        "department": 2, 
        "is_admin": false, 
        "cropping": "", 
        "password": "pbkdf2_sha256$10000$xblHjSnfRVj7$S9ePsw1WGiP+Y13Vj15FC2LEB0OiEBnuscPnHW3kr3s=", 
        "alternate_email": "smilingnimit@gmail.com", 
        "email": "120070015@iitb.ac.in", 
        "hostel": 9
    }
},
{
    "pk": 17, 
    "model": "signup.user", 
    "fields": {
        "first_name": "Demo", 
        "last_name": "Account", 
        "room": "106", 
        "rollno": "110050000", 
        "mobile": "9167428191", 
        "photo": "", 
        "skill": [
            2, 
            3, 
            4, 
            5, 
            6, 
            7, 
            8, 
            9, 
            10, 
            11, 
            12, 
            13
        ], 
        "is_active": true, 
        "ldap_username": "demo", 
        "last_login": "2014-02-03T20:00:17Z", 
        "year": 1, 
        "department": 1, 
        "is_admin": false, 
        "cropping": "63,0,338,367", 
        "password": "pbkdf2_sha256$10000$fjUs4z50Gywk$UWO8M7KqUjKfELMJHBYVob3i4EhlmJVSFijaeNqGGXM=", 
        "alternate_email": "demo@iitb.ac.in", 
        "email": "demo@iitb.ac.in", 
        "hostel": 1
    }
},
{
    "pk": 18, 
    "model": "signup.user", 
    "fields": {
        "first_name": "RAHUL", 
        "last_name": "KUMAR", 
        "room": "135", 
        "rollno": "110020052", 
        "mobile": "9167782254", 
        "photo": "", 
        "skill": [], 
        "is_active": true, 
        "ldap_username": "krrahul", 
        "last_login": "2014-01-13T14:09:49Z", 
        "year": 3, 
        "department": 5, 
        "is_admin": false, 
        "cropping": "", 
        "password": "pbkdf2_sha256$10000$DnVYxOWLEDK5$0qyXJNV9jf8KqYfTypx4uYIavzd7RMqtJnLK3u/EaPE=", 
        "alternate_email": "krrahul011@gmail.com", 
        "email": "krrahul@iitb.ac.in", 
        "hostel": 5
    }
},
{
    "pk": 19, 
    "model": "signup.user", 
    "fields": {
        "first_name": "M RAJEEV", 
        "last_name": "KUMAR", 
        "room": "103", 
        "rollno": "110050052", 
        "mobile": "", 
        "photo": "documents/2014/01/14/Harry-Potter-1-_1.jpg", 
        "skill": [], 
        "is_active": true, 
        "ldap_username": "rajeev_kumar", 
        "last_login": "2014-01-14T16:19:05Z", 
        "year": 3, 
        "department": 1, 
        "is_admin": false, 
        "cropping": "", 
        "password": "pbkdf2_sha256$10000$Dk02FeEMBZRu$C/Mu5adJvoVtb5lEAXPEpnX+M1VEvYHmOEftQb2PxNg=", 
        "alternate_email": "", 
        "email": "rajeev_kumar@iitb.ac.in", 
        "hostel": 6
    }
},
{
    "pk": 20, 
    "model": "signup.user", 
    "fields": {
        "first_name": "J GUNA", 
        "last_name": "PRASAAD", 
        "room": "185", 
        "rollno": "110050082", 
        "mobile": "9920147551", 
        "photo": "", 
        "skill": [], 
        "is_active": true, 
        "ldap_username": "gunaprsd", 
        "last_login": "2014-01-16T15:51:27Z", 
        "year": 3, 
        "department": 1, 
        "is_admin": false, 
        "cropping": "", 
        "password": "pbkdf2_sha256$10000$8jcM0ZOyIGiM$O43BRgX2x/Oax2NV7Lv2cIHC9hcOXRkuAKx0YFU1p0U=", 
        "alternate_email": "gunaprsd@gmail.com", 
        "email": "gunaprsd@iitb.ac.in", 
        "hostel": 6
    }
},
{
    "pk": 21, 
    "model": "signup.user", 
    "fields": {
        "first_name": "PALLERLA SAI SANDEEP", 
        "last_name": "REDDY", 
        "room": "606 b", 
        "rollno": "130050052", 
        "mobile": "9967267973", 
        "photo": "", 
        "skill": [
            23, 
            34, 
            47, 
            48
        ], 
        "is_active": true, 
        "ldap_username": "130050052", 
        "last_login": "2014-01-16T19:33:45Z", 
        "year": 1, 
        "department": 1, 
        "is_admin": false, 
        "cropping": "", 
        "password": "pbkdf2_sha256$10000$V3PQ4ZOBES2Y$cmMPCUvIkA9QqgOPBrkEKLfW/KKr98S3jHrfqWm7ooM=", 
        "alternate_email": "saisandeep192@gmail.com", 
        "email": "130050052@iitb.ac.in", 
        "hostel": 15
    }
},
{
    "pk": 22, 
    "model": "signup.user", 
    "fields": {
        "first_name": "Ashish", 
        "last_name": "Bora", 
        "room": "249", 
        "rollno": "11D170013", 
        "mobile": "9196198267", 
        "photo": "", 
        "skill": [], 
        "is_active": true, 
        "ldap_username": "ashish_bora", 
        "last_login": "2014-01-17T17:16:56Z", 
        "year": 3, 
        "department": 2, 
        "is_admin": false, 
        "cropping": "", 
        "password": "pbkdf2_sha256$10000$sZ6N4f2oj1YC$ULM6MOnEFWZZR3CxZSDSRpGCzGEJWQZTyi082lvdoFI=", 
        "alternate_email": "ashish.dilip.bora@gmail.com", 
        "email": "ashish_bora@iitb.ac.in", 
        "hostel": 7
    }
},
{
    "pk": 23, 
    "model": "signup.user", 
    "fields": {
        "first_name": "SHUBHAM", 
        "last_name": "DHAKE", 
        "room": "241", 
        "rollno": "120110018", 
        "mobile": "9619464954", 
        "photo": "", 
        "skill": [], 
        "is_active": true, 
        "ldap_username": "sddhake", 
        "last_login": "2014-01-17T07:38:19Z", 
        "year": 2, 
        "department": 12, 
        "is_admin": false, 
        "cropping": "", 
        "password": "pbkdf2_sha256$10000$U7uK2wY0fy46$wvF2BADae8PngKHbUmPesGcJHT1Y/zxD5KfXDuIoASU=", 
        "alternate_email": "sddhake@gmail.com", 
        "email": "sddhake@iitb.ac.in", 
        "hostel": 9
    }
},
{
    "pk": 24, 
    "model": "signup.user", 
    "fields": {
        "first_name": "NAVEEN", 
        "last_name": "HIMTHANI", 
        "room": "304", 
        "rollno": "120010001", 
        "mobile": "9769494093", 
        "photo": "", 
        "skill": [], 
        "is_active": false, 
        "ldap_username": "naveen.himthani", 
        "last_login": "2014-01-16T20:10:53Z", 
        "year": 2, 
        "department": 3, 
        "is_admin": false, 
        "cropping": "", 
        "password": "pbkdf2_sha256$10000$9pCkap74A8nI$YWdDF5noUzgDXxRg8WRis/pfwMYqzOfKB631ONSGFEY=", 
        "alternate_email": "naveen01.iitb@gmail.com", 
        "email": "naveen.himthani@iitb.ac.in", 
        "hostel": 6
    }
},
{
    "pk": 25, 
    "model": "signup.user", 
    "fields": {
        "first_name": "RUTUJ", 
        "last_name": "SHAH", 
        "room": "412", 
        "rollno": "13D100022", 
        "mobile": "9967352956", 
        "photo": "documents/2014/01/19/IMG-20140112-WA0004.jpg", 
        "skill": [
            1, 
            2, 
            10, 
            23, 
            34, 
            35, 
            47, 
            48
        ], 
        "is_active": true, 
        "ldap_username": "rutuj.shah", 
        "last_login": "2014-01-19T12:14:24Z", 
        "year": 1, 
        "department": 14, 
        "is_admin": false, 
        "cropping": "", 
        "password": "pbkdf2_sha256$10000$HQseBXBQxLox$k5gwBU1ktnLdaxviFd72ynqEBb1jUPRZp4bF9Gce+8U=", 
        "alternate_email": "rutuj1729@gmail.com", 
        "email": "rutuj.shah@iitb.ac.in", 
        "hostel": 15
    }
},
{
    "pk": 26, 
    "model": "signup.user", 
    "fields": {
        "first_name": "BORKAR LOKESH", 
        "last_name": "RAVINDRA", 
        "room": "A 915", 
        "rollno": "13D100016", 
        "mobile": "8007022190", 
        "photo": "", 
        "skill": [], 
        "is_active": true, 
        "ldap_username": "13D100016", 
        "last_login": "2014-01-17T05:26:58Z", 
        "year": 1, 
        "department": 14, 
        "is_admin": false, 
        "cropping": "", 
        "password": "pbkdf2_sha256$10000$sfdErpYAiUDx$qp6yFWPfzHC7hevnZXIrHZ4Z/PbTVbM5NlERaQ3LJhQ=", 
        "alternate_email": "borkarlokesh912@gmail.com", 
        "email": "13D100016@iitb.ac.in", 
        "hostel": 15
    }
},
{
    "pk": 27, 
    "model": "signup.user", 
    "fields": {
        "first_name": "DANIEL", 
        "last_name": "GEORGE", 
        "room": "B722", 
        "rollno": "110260027", 
        "mobile": "8097337129", 
        "photo": "", 
        "skill": [], 
        "is_active": true, 
        "ldap_username": "dan7geo", 
        "last_login": "2014-01-17T08:24:44Z", 
        "year": 3, 
        "department": 11, 
        "is_admin": false, 
        "cropping": "", 
        "password": "pbkdf2_sha256$10000$KywzU3FlRkir$mFaPQPIiQ9g41g0lWZZIBXbDQ7v7V2wLr/OkAppmJ0E=", 
        "alternate_email": "dan7geo@gmail.com", 
        "email": "dan7geo@iitb.ac.in", 
        "hostel": 13
    }
},
{
    "pk": 28, 
    "model": "signup.user", 
    "fields": {
        "first_name": "ANURAG", 
        "last_name": "ANURAG", 
        "room": "34", 
        "rollno": "120070029", 
        "mobile": "9197694936", 
        "photo": "", 
        "skill": [], 
        "is_active": true, 
        "ldap_username": "anuraggupta", 
        "last_login": "2014-01-17T07:47:41Z", 
        "year": 2, 
        "department": 2, 
        "is_admin": false, 
        "cropping": "", 
        "password": "pbkdf2_sha256$10000$25w8mT0W6i5z$lG2cGBLW/b379rzNmbPobDyQhGLiApy9sWbBRDw8NGs=", 
        "alternate_email": "anurag.luvs.india@gmail.com", 
        "email": "anuraggupta@iitb.ac.in", 
        "hostel": 7
    }
},
{
    "pk": 29, 
    "model": "signup.user", 
    "fields": {
        "first_name": "PHALAK KUNAL", 
        "last_name": "LAXMAN", 
        "room": "143", 
        "rollno": "11D070023", 
        "mobile": "9167782655", 
        "photo": "", 
        "skill": [
            3, 
            5, 
            7, 
            9, 
            10, 
            11, 
            12, 
            13, 
            23, 
            24, 
            25, 
            27, 
            28, 
            31, 
            34
        ], 
        "is_active": true, 
        "ldap_username": "kunalphalak", 
        "last_login": "2014-02-14T13:51:26Z", 
        "year": 3, 
        "department": 2, 
        "is_admin": false, 
        "cropping": "", 
        "password": "pbkdf2_sha256$10000$NIDhxiIuqgb9$gBSkwgkexrditdnEAgAGPiOOHcHjixlAZHX3Qtb/2fc=", 
        "alternate_email": "kunalphalakiit@gmail.com", 
        "email": "kunalphalak@iitb.ac.in", 
        "hostel": 7
    }
},
{
    "pk": 30, 
    "model": "signup.user", 
    "fields": {
        "first_name": " PRANJALI", 
        "last_name": "DUDHE", 
        "room": "706", 
        "rollno": "11D070017", 
        "mobile": "9167114847", 
        "photo": "", 
        "skill": [], 
        "is_active": true, 
        "ldap_username": "11D070017", 
        "last_login": "2014-01-17T20:54:34Z", 
        "year": 3, 
        "department": 2, 
        "is_admin": false, 
        "cropping": "", 
        "password": "pbkdf2_sha256$10000$VBkFzLxI2KRq$iUoJF9dPrIwrsm5gvv0TD99Rws1zVuAy68n/HOjvAn4=", 
        "alternate_email": "pranjalidudhe01@gmail.com", 
        "email": "11D070017@iitb.ac.in", 
        "hostel": 10
    }
},
{
    "pk": 31, 
    "model": "signup.user", 
    "fields": {
        "first_name": "MEET PRAGNESH", 
        "last_name": "SHAH", 
        "room": "303", 
        "rollno": "13D070003", 
        "mobile": "9167585853", 
        "photo": "", 
        "skill": [], 
        "is_active": true, 
        "ldap_username": "meetshah1995", 
        "last_login": "2014-01-18T15:36:58Z", 
        "year": 1, 
        "department": 2, 
        "is_admin": false, 
        "cropping": "", 
        "password": "pbkdf2_sha256$10000$36KCnRqKYZJN$AbZePUEp8zYCSAzjGzZ3XxfN5MMTGbzBIPUdOU2MwOg=", 
        "alternate_email": "meetshah1995@gmail.com", 
        "email": "meetshah1995@iitb.ac.in", 
        "hostel": 15
    }
},
{
    "pk": 32, 
    "model": "signup.user", 
    "fields": {
        "first_name": "KRISH", 
        "last_name": "NARANG", 
        "room": "1017", 
        "rollno": "130070006", 
        "mobile": "9867471119", 
        "photo": "", 
        "skill": [], 
        "is_active": true, 
        "ldap_username": "130070006", 
        "last_login": "2014-01-18T18:21:13Z", 
        "year": 1, 
        "department": 2, 
        "is_admin": false, 
        "cropping": "", 
        "password": "pbkdf2_sha256$10000$UBppZFJB95FN$fuS0h97EwH/+b/Eo7duZH1Y2ukhjIk89Q77oaRbUshY=", 
        "alternate_email": "kanarang@gmail.com", 
        "email": "130070006@iitb.ac.in", 
        "hostel": 15
    }
},
{
    "pk": 33, 
    "model": "signup.user", 
    "fields": {
        "first_name": "RISHABH", 
        "last_name": "GUPTA", 
        "room": "A403", 
        "rollno": "130100012", 
        "mobile": "9892314375", 
        "photo": "", 
        "skill": [], 
        "is_active": true, 
        "ldap_username": "rishabh_gupta", 
        "last_login": "2014-01-21T11:59:47Z", 
        "year": 1, 
        "department": 14, 
        "is_admin": false, 
        "cropping": "", 
        "password": "pbkdf2_sha256$10000$SmBOCmjVjiVV$0CBpcJD2s+s7w1p7wO0gA/V5HbqLDzsjWLa35yA3shc=", 
        "alternate_email": "rishabh888gupta@gmail.com", 
        "email": "rishabh_gupta@iitb.ac.in", 
        "hostel": 15
    }
},
{
    "pk": 34, 
    "model": "signup.user", 
    "fields": {
        "first_name": "ANUSHREE", 
        "last_name": "SINGH", 
        "room": "306", 
        "rollno": "130040054", 
        "mobile": "9602403777", 
        "photo": "", 
        "skill": [], 
        "is_active": true, 
        "ldap_username": "anushree95", 
        "last_login": "2014-01-18T18:33:45Z", 
        "year": 1, 
        "department": 15, 
        "is_admin": false, 
        "cropping": "", 
        "password": "pbkdf2_sha256$10000$wAhgIs1ycCIq$ZXPr4SRuUdyjJe9FfiRzv1ecVAFEX+XLSX9zgY5JHbw=", 
        "alternate_email": "tulip2211@gmail.com", 
        "email": "anushree95@iitb.ac.in", 
        "hostel": 15
    }
},
{
    "pk": 35, 
    "model": "signup.user", 
    "fields": {
        "first_name": "MANDURI UDAY", 
        "last_name": "KIRAN", 
        "room": "214", 
        "rollno": "130020116", 
        "mobile": "8692058679", 
        "photo": "", 
        "skill": [], 
        "is_active": true, 
        "ldap_username": "130020116", 
        "last_login": "2014-01-18T19:12:47Z", 
        "year": 1, 
        "department": 5, 
        "is_admin": false, 
        "cropping": "", 
        "password": "pbkdf2_sha256$10000$xFvcAXQPxID1$tg9WuXnHkIJ6OZGyPgwPfGU7VQl+UszBHCywNFQMfuw=", 
        "alternate_email": "udaykiran2495@gmail.com", 
        "email": "130020116@iitb.ac.in", 
        "hostel": 15
    }
},
{
    "pk": 36, 
    "model": "signup.user", 
    "fields": {
        "first_name": "HARSHAL", 
        "last_name": "GANGURDE", 
        "room": "315", 
        "rollno": "13D070007", 
        "mobile": "+918879743", 
        "photo": "", 
        "skill": [], 
        "is_active": true, 
        "ldap_username": "13D070007", 
        "last_login": "2014-01-18T19:17:09Z", 
        "year": 1, 
        "department": 2, 
        "is_admin": false, 
        "cropping": "", 
        "password": "pbkdf2_sha256$10000$hXleSBbetiu8$4tg5hY2D+dF0NJm1gNKKht42cZsAdgy7Jur3pEuenec=", 
        "alternate_email": "harshalgangurde95@gmail.com", 
        "email": "13D070007@iitb.ac.in", 
        "hostel": 15
    }
},
{
    "pk": 37, 
    "model": "signup.user", 
    "fields": {
        "first_name": "GATKINE PRADIP", 
        "last_name": "RUPKUMAR", 
        "room": "274", 
        "rollno": "100100023", 
        "mobile": "9820685649", 
        "photo": "", 
        "skill": [], 
        "is_active": true, 
        "ldap_username": "pradip_gatkine", 
        "last_login": "2014-01-18T19:18:28Z", 
        "year": 4, 
        "department": 14, 
        "is_admin": false, 
        "cropping": "", 
        "password": "pbkdf2_sha256$10000$NvEpnsgby3W7$Jx/FuPkY0pR5/1v+Qqvup1aOaKUprOZu9rhhbHGhQ8w=", 
        "alternate_email": "pradipgatkine@gmail.com", 
        "email": "pradip_gatkine@iitb.ac.in", 
        "hostel": 2
    }
},
{
    "pk": 38, 
    "model": "signup.user", 
    "fields": {
        "first_name": "AMAN", 
        "last_name": "GOEL", 
        "room": "B1004", 
        "rollno": "130050041", 
        "mobile": "8451823773", 
        "photo": "", 
        "skill": [], 
        "is_active": true, 
        "ldap_username": "130050041", 
        "last_login": "2014-01-18T19:26:31Z", 
        "year": 1, 
        "department": 1, 
        "is_admin": false, 
        "cropping": "", 
        "password": "pbkdf2_sha256$10000$fp3PZbz8zUD8$GbKOKxA5N+LMRN69dnoCNq7UAHPzK61OoU6ewZx1Bfw=", 
        "alternate_email": "amangoel.vsec@gmail.com", 
        "email": "130050041@iitb.ac.in", 
        "hostel": 15
    }
},
{
    "pk": 39, 
    "model": "signup.user", 
    "fields": {
        "first_name": "AKASH", 
        "last_name": "BUNDE", 
        "room": "A-505", 
        "rollno": "130100017", 
        "mobile": "8378986719", 
        "photo": "documents/2014/01/19/327966_243851288984485_99549_o.jpg", 
        "skill": [
            1, 
            2, 
            5, 
            23, 
            34, 
            35
        ], 
        "is_active": true, 
        "ldap_username": "akash_b", 
        "last_login": "2014-01-18T19:33:41Z", 
        "year": 1, 
        "department": 14, 
        "is_admin": false, 
        "cropping": "0,368,924,1600", 
        "password": "pbkdf2_sha256$10000$4Bkn7ITy8a1u$FhWPd3NyJ5O1lPvZ0p5Xe6PbqyoaFA8lZGnFjQ7cbwA=", 
        "alternate_email": "akash.irob@gmail.com", 
        "email": "akash_b@iitb.ac.in", 
        "hostel": 15
    }
},
{
    "pk": 40, 
    "model": "signup.user", 
    "fields": {
        "first_name": "JIVRAJ SHRINIVAS", 
        "last_name": "KARWA", 
        "room": "A-916", 
        "rollno": "13D100017", 
        "mobile": "9967885425", 
        "photo": "documents/2014/01/19/WP_20140114_003.jpg", 
        "skill": [
            1, 
            2, 
            34, 
            48
        ], 
        "is_active": true, 
        "ldap_username": "13d100017", 
        "last_login": "2014-01-22T03:51:57Z", 
        "year": 1, 
        "department": 14, 
        "is_admin": false, 
        "cropping": "0,0,916,1219", 
        "password": "pbkdf2_sha256$10000$bST7g5BRHT4u$5VzMJW/AC18iVoBKBMc6A0pF13H86aiLz6USNaQp4YM=", 
        "alternate_email": "jivraj.karwa@gmail.com", 
        "email": "13d100017@iitb.ac.in", 
        "hostel": 15
    }
},
{
    "pk": 41, 
    "model": "signup.user", 
    "fields": {
        "first_name": "AAKANSHA", 
        "last_name": "BORDIA", 
        "room": "c106", 
        "rollno": "130110002", 
        "mobile": "8424809457", 
        "photo": "documents/2014/01/19/Aksb.jpg", 
        "skill": [], 
        "is_active": true, 
        "ldap_username": "aakansha_bordia", 
        "last_login": "2014-01-18T19:39:47Z", 
        "year": 1, 
        "department": 12, 
        "is_admin": false, 
        "cropping": "", 
        "password": "pbkdf2_sha256$10000$xF0jtuEw10Bb$vj+QymYDn6QtG+AI13SWylKSrt1fet7/xsCK0xz1i8E=", 
        "alternate_email": "bordia78@gmail.com", 
        "email": "aakansha_bordia@iitb.ac.in", 
        "hostel": 15
    }
},
{
    "pk": 42, 
    "model": "signup.user", 
    "fields": {
        "first_name": "AAYUSH", 
        "last_name": "CHAUDHARY", 
        "room": "385", 
        "rollno": "120040057", 
        "mobile": "8879386309", 
        "photo": "", 
        "skill": [], 
        "is_active": true, 
        "ldap_username": "aayush3010", 
        "last_login": "2014-01-18T20:27:01Z", 
        "year": 2, 
        "department": 2, 
        "is_admin": false, 
        "cropping": "", 
        "password": "pbkdf2_sha256$10000$pUxEo2iiKLsl$BNMLeuHP1joE82eh6n3gutzmp37EcjQLw/QHMzw8QqU=", 
        "alternate_email": "aayush6108@gmail.com", 
        "email": "aayush3010@iitb.ac.in", 
        "hostel": 9
    }
},
{
    "pk": 43, 
    "model": "signup.user", 
    "fields": {
        "first_name": "SHENOY RAHUL", 
        "last_name": "GANESH", 
        "room": "358", 
        "rollno": "110100028", 
        "mobile": "8879005413", 
        "photo": "documents/2014/01/19/DSC03463.JPG", 
        "skill": [
            1, 
            3, 
            14, 
            34, 
            47
        ], 
        "is_active": true, 
        "ldap_username": "rahul.shenoy", 
        "last_login": "2014-02-13T14:13:18Z", 
        "year": 3, 
        "department": 14, 
        "is_admin": false, 
        "cropping": "0,0,3240,4320", 
        "password": "pbkdf2_sha256$10000$3YPSBC9TcNMq$0gad8FzETSl9WCF0rQiSXFyxkWOdF+3s4KrAo/CkXq0=", 
        "alternate_email": "rahulshenoy77@gmail.com", 
        "email": "rahul.shenoy@iitb.ac.in", 
        "hostel": 9
    }
},
{
    "pk": 44, 
    "model": "signup.user", 
    "fields": {
        "first_name": "BOJJA VIVEK", 
        "last_name": "SENA", 
        "room": "389", 
        "rollno": "130260025", 
        "mobile": "9892275461", 
        "photo": "", 
        "skill": [
            10, 
            18, 
            19, 
            48
        ], 
        "is_active": true, 
        "ldap_username": "130260025", 
        "last_login": "2014-02-01T09:02:50Z", 
        "year": 1, 
        "department": 11, 
        "is_admin": false, 
        "cropping": "", 
        "password": "pbkdf2_sha256$10000$mFVKNgpSZE8q$//cLkKRipStIRXflY4/Ze4orPllbIR1ERUMWMxZcUtQ=", 
        "alternate_email": "viveksena.bojja@gmail.com", 
        "email": "130260025@iitb.ac.in", 
        "hostel": 4
    }
},
{
    "pk": 45, 
    "model": "signup.user", 
    "fields": {
        "first_name": "ANAND", 
        "last_name": "DHOOT", 
        "room": "A205", 
        "rollno": "130070009", 
        "mobile": "8097633653", 
        "photo": "", 
        "skill": [], 
        "is_active": true, 
        "ldap_username": "130070009", 
        "last_login": "2014-01-19T14:40:20Z", 
        "year": 1, 
        "department": 2, 
        "is_admin": false, 
        "cropping": "", 
        "password": "pbkdf2_sha256$10000$5BXYvjJkKUy8$4VZkeSCuSMeyHye48sgJPmNqCvgjyo1+J0d+W5JyshU=", 
        "alternate_email": "anand.dhoot@gmail.com", 
        "email": "130070009@iitb.ac.in", 
        "hostel": 15
    }
},
{
    "pk": 46, 
    "model": "signup.user", 
    "fields": {
        "first_name": "PURUSHOTTAM", 
        "last_name": "GUPTA", 
        "room": "C-77/12 ", 
        "rollno": "135060031", 
        "mobile": "7506112054", 
        "photo": "", 
        "skill": [
            28
        ], 
        "is_active": true, 
        "ldap_username": "135060031", 
        "last_login": "2014-01-19T03:19:09Z", 
        "year": 1, 
        "department": 7, 
        "is_admin": false, 
        "cropping": "", 
        "password": "pbkdf2_sha256$10000$aNIWPJsF5f5W$lWTqAyle47a9UtK4v/EYKHUJCrp0KEEPrXAPkjzqNOw=", 
        "alternate_email": "purushottam8229@yahoo.in", 
        "email": "135060031@iitb.ac.in", 
        "hostel": 15
    }
},
{
    "pk": 47, 
    "model": "signup.user", 
    "fields": {
        "first_name": "CHARMI ", 
        "last_name": "DEDHIA", 
        "room": "C 213", 
        "rollno": "130070007", 
        "mobile": "9870183120", 
        "photo": "", 
        "skill": [], 
        "is_active": true, 
        "ldap_username": "130070007", 
        "last_login": "2014-01-20T14:40:11Z", 
        "year": 1, 
        "department": 2, 
        "is_admin": false, 
        "cropping": "", 
        "password": "pbkdf2_sha256$10000$tYPUUq6yIUup$sTTq4lN7i+rOBeb9UBtVpBTPlYzrgmnAO99XUMPwfRU=", 
        "alternate_email": "charmijdedhia@gmail.com", 
        "email": "130070007@iitb.ac.in", 
        "hostel": 15
    }
},
{
    "pk": 48, 
    "model": "signup.user", 
    "fields": {
        "first_name": "SHREYA", 
        "last_name": "GUPTA", 
        "room": "C-101", 
        "rollno": "13D170021", 
        "mobile": "9967331048", 
        "photo": "", 
        "skill": [], 
        "is_active": true, 
        "ldap_username": "13d170021", 
        "last_login": "2014-01-19T06:09:27Z", 
        "year": 1, 
        "department": 8, 
        "is_admin": false, 
        "cropping": "", 
        "password": "pbkdf2_sha256$10000$unv7f55TGk8o$uLi3Qxgk+g7JXZyWNezg/2WCNPiEhiTDR2LmRBXJXhs=", 
        "alternate_email": "shreya0509@gmail.com", 
        "email": "13d170021@iitb.ac.in", 
        "hostel": 15
    }
},
{
    "pk": 49, 
    "model": "signup.user", 
    "fields": {
        "first_name": "AADITYA", 
        "last_name": "TAPARIA", 
        "room": "1007", 
        "rollno": "130040063", 
        "mobile": "8947860548", 
        "photo": "", 
        "skill": [], 
        "is_active": true, 
        "ldap_username": "aadityataparia", 
        "last_login": "2014-01-19T06:23:34Z", 
        "year": 1, 
        "department": 15, 
        "is_admin": false, 
        "cropping": "", 
        "password": "pbkdf2_sha256$10000$YqAbHRMesmrI$9i+pniGubRRe2v4xZKSiZMWNg6NC2G9yGoyS4vwQnB4=", 
        "alternate_email": "aadityataparia@gmail.com", 
        "email": "aadityataparia@iitb.ac.in", 
        "hostel": 15
    }
},
{
    "pk": 50, 
    "model": "signup.user", 
    "fields": {
        "first_name": "PARTHA SARATHI", 
        "last_name": "AINAMPUDI", 
        "room": "319", 
        "rollno": "130100077", 
        "mobile": "8978845354", 
        "photo": "", 
        "skill": [], 
        "is_active": true, 
        "ldap_username": "130100077", 
        "last_login": "2014-01-19T08:14:32Z", 
        "year": 1, 
        "department": 14, 
        "is_admin": false, 
        "cropping": "", 
        "password": "pbkdf2_sha256$10000$ra4C3mdjPHum$unQ7hXJ/r2AqSU6VFGqAzzxspBve2NFPcJoUbwTe4+Y=", 
        "alternate_email": "partha.ainampudi@gmail.com", 
        "email": "130100077@iitb.ac.in", 
        "hostel": 4
    }
},
{
    "pk": 51, 
    "model": "signup.user", 
    "fields": {
        "first_name": "BHISE NAITIK", 
        "last_name": "NIRANJAN", 
        "room": "332", 
        "rollno": "13D260003", 
        "mobile": "9320211376", 
        "photo": "documents/2014/01/19/DSC04351.JPG", 
        "skill": [
            44, 
            45
        ], 
        "is_active": true, 
        "ldap_username": "13d260003", 
        "last_login": "2014-01-19T07:15:51Z", 
        "year": 1, 
        "department": 11, 
        "is_admin": false, 
        "cropping": "0,0,3000,4000", 
        "password": "pbkdf2_sha256$10000$4txrOvRMlq5E$KzG4ATvJ7g/Rcjv5fxBihjOYjfAXD6TUFefYGMntv64=", 
        "alternate_email": "naitikbhise@gmail.com", 
        "email": "13d260003@iitb.ac.in", 
        "hostel": 4
    }
},
{
    "pk": 52, 
    "model": "signup.user", 
    "fields": {
        "first_name": "PALLAVI", 
        "last_name": "VERMA", 
        "room": "c-116", 
        "rollno": "13D110016", 
        "mobile": "9967341571", 
        "photo": "", 
        "skill": [], 
        "is_active": true, 
        "ldap_username": "13d110016", 
        "last_login": "2014-01-20T18:27:32Z", 
        "year": 1, 
        "department": 12, 
        "is_admin": false, 
        "cropping": "", 
        "password": "pbkdf2_sha256$10000$98M11gQIJhBR$56e+AUqkK/4dbwA/M957kyEzdNzevAzaASpWiFpnRyA=", 
        "alternate_email": "vermapallavi1709@gmail.com", 
        "email": "13d110016@iitb.ac.in", 
        "hostel": 15
    }
},
{
    "pk": 53, 
    "model": "signup.user", 
    "fields": {
        "first_name": "RUCHI", 
        "last_name": "GAYAKWAD", 
        "room": "..", 
        "rollno": "130110072", 
        "mobile": "7506145015", 
        "photo": "", 
        "skill": [], 
        "is_active": true, 
        "ldap_username": "130110072", 
        "last_login": "2014-01-20T18:26:14Z", 
        "year": 1, 
        "department": 12, 
        "is_admin": false, 
        "cropping": "", 
        "password": "pbkdf2_sha256$10000$Qlqo27xcxbiN$SV1KNmepieZEhEaX7ZkeAUi+dgp8+Xf500AE52SyHUo=", 
        "alternate_email": "ruchi.gayakwad1@gmail.com", 
        "email": "130110072@iitb.ac.in", 
        "hostel": 15
    }
},
{
    "pk": 54, 
    "model": "signup.user", 
    "fields": {
        "first_name": "ROHIT ROSHAN", 
        "last_name": "GOGOI", 
        "room": "A905", 
        "rollno": "13D100033", 
        "mobile": "9892275168", 
        "photo": "documents/2014/01/19/DSC_0861.JPG", 
        "skill": [], 
        "is_active": true, 
        "ldap_username": "13D100033", 
        "last_login": "2014-01-19T10:51:38Z", 
        "year": 1, 
        "department": 14, 
        "is_admin": false, 
        "cropping": "426,374,2411,3024", 
        "password": "pbkdf2_sha256$10000$fMjHdjRvvgFU$cTvYkmhlGhnMAeUH4FiJ4I8T8elP77X2W7R86v37BC8=", 
        "alternate_email": "rrgogoi@gmail.com", 
        "email": "13D100033@iitb.ac.in", 
        "hostel": 15
    }
},
{
    "pk": 55, 
    "model": "signup.user", 
    "fields": {
        "first_name": "JASHAN", 
        "last_name": "SINGHAL", 
        "room": "A-206", 
        "rollno": "130070026", 
        "mobile": "9987870369", 
        "photo": "", 
        "skill": [], 
        "is_active": true, 
        "ldap_username": "130070026", 
        "last_login": "2014-01-19T07:46:54Z", 
        "year": 1, 
        "department": 2, 
        "is_admin": false, 
        "cropping": "", 
        "password": "pbkdf2_sha256$10000$0Yntaton3O63$dODH8D1TeAWUAyXVSpTlN2MZWRi9x5Ij/hBhgZvmwD4=", 
        "alternate_email": "jontyjashan@gmail.com", 
        "email": "130070026@iitb.ac.in", 
        "hostel": 15
    }
},
{
    "pk": 56, 
    "model": "signup.user", 
    "fields": {
        "first_name": "RIDDHISH", 
        "last_name": "BHALODIA", 
        "room": "126", 
        "rollno": "120070003", 
        "mobile": "9769472731", 
        "photo": "", 
        "skill": [], 
        "is_active": true, 
        "ldap_username": "riddhish", 
        "last_login": "2014-02-06T10:28:30Z", 
        "year": 2, 
        "department": 2, 
        "is_admin": false, 
        "cropping": "", 
        "password": "pbkdf2_sha256$10000$PHSmzTTdXlMG$kpiEBlTQC+/uVudc4DbpS79/79GET2/zTruyCAHXN/w=", 
        "alternate_email": "riddhishb@gmail.com", 
        "email": "riddhish@iitb.ac.in", 
        "hostel": 6
    }
},
{
    "pk": 57, 
    "model": "signup.user", 
    "fields": {
        "first_name": "ASHISH HIRALAL", 
        "last_name": "DHOBLE", 
        "room": "A335", 
        "rollno": "123100053", 
        "mobile": "9975633604", 
        "photo": "", 
        "skill": [], 
        "is_active": true, 
        "ldap_username": "ahd1988", 
        "last_login": "2014-01-19T08:11:49Z", 
        "year": 7, 
        "department": 14, 
        "is_admin": false, 
        "cropping": "", 
        "password": "pbkdf2_sha256$10000$9UDABL8gJ77q$wWgnM52JXtPT/qovJ3JOP2UBopr8hLcdus2QFdGfc9U=", 
        "alternate_email": "dhoble.ashish@gmail.com", 
        "email": "ahd1988@iitb.ac.in", 
        "hostel": 13
    }
},
{
    "pk": 58, 
    "model": "signup.user", 
    "fields": {
        "first_name": "ABHAY SINGH", 
        "last_name": "BHADORIYA", 
        "room": "B-916", 
        "rollno": "130020089", 
        "mobile": "9769875637", 
        "photo": "", 
        "skill": [], 
        "is_active": true, 
        "ldap_username": "130020089", 
        "last_login": "2014-01-19T08:33:50Z", 
        "year": 1, 
        "department": 5, 
        "is_admin": false, 
        "cropping": "", 
        "password": "pbkdf2_sha256$10000$Q20COs7Dw8Bk$2NpeIr6Fwt9SBtTk3BxN0qhAVQVyqBamMu060RKQMzM=", 
        "alternate_email": "abhay010123@gmail.com", 
        "email": "130020089@iitb.ac.in", 
        "hostel": 15
    }
},
{
    "pk": 59, 
    "model": "signup.user", 
    "fields": {
        "first_name": "ADITI", 
        "last_name": "TANEJA", 
        "room": "108", 
        "rollno": "13D100026", 
        "mobile": "9167195125", 
        "photo": "", 
        "skill": [], 
        "is_active": true, 
        "ldap_username": "13D100026", 
        "last_login": "2014-01-21T12:03:06Z", 
        "year": 1, 
        "department": 14, 
        "is_admin": false, 
        "cropping": "", 
        "password": "pbkdf2_sha256$10000$yHjmDmPi464H$o634mw1qRP6TAgtcjct+wXcX1AbuNfJ10fB4uwoT4gg=", 
        "alternate_email": "adititaneja2303@gmail.com", 
        "email": "13D100026@iitb.ac.in", 
        "hostel": 15
    }
},
{
    "pk": 60, 
    "model": "signup.user", 
    "fields": {
        "first_name": "BHALGAT YASH", 
        "last_name": "SANJAY", 
        "room": "H15- A603", 
        "rollno": "13D070014", 
        "mobile": "9623047470", 
        "photo": "documents/2014/01/20/Yash.jpg", 
        "skill": [], 
        "is_active": true, 
        "ldap_username": "13D070014", 
        "last_login": "2014-01-20T16:50:17Z", 
        "year": 1, 
        "department": 2, 
        "is_admin": false, 
        "cropping": "", 
        "password": "pbkdf2_sha256$10000$QbKIskssdCMB$AbmTQdm39Ci7+LBMvUH9zjis3K7HvUj71GbQZ5dUt8Q=", 
        "alternate_email": "yashbhalgat95@gmail.com", 
        "email": "13D070014@iitb.ac.in", 
        "hostel": 15
    }
},
{
    "pk": 61, 
    "model": "signup.user", 
    "fields": {
        "first_name": "Sourabh Pramod", 
        "last_name": "Bhat", 
        "room": "93", 
        "rollno": "134010004", 
        "mobile": "0847687256", 
        "photo": "", 
        "skill": [], 
        "is_active": true, 
        "ldap_username": "134010004", 
        "last_login": "2014-01-19T09:34:41Z", 
        "year": 1, 
        "department": 3, 
        "is_admin": false, 
        "cropping": "", 
        "password": "pbkdf2_sha256$10000$T2wOpmbCdrmt$/J+oiqRqQRR41cQhQKhUyctlDoIfFYxcXAyK/IVtVz0=", 
        "alternate_email": "heySourabh@gmail.com", 
        "email": "134010004@iitb.ac.in", 
        "hostel": 6
    }
},
{
    "pk": 62, 
    "model": "signup.user", 
    "fields": {
        "first_name": "SAWAN", 
        "last_name": "KUMAR", 
        "room": "b 902", 
        "rollno": "130020086", 
        "mobile": "9004780600", 
        "photo": "", 
        "skill": [], 
        "is_active": true, 
        "ldap_username": "chaudhary_sawan", 
        "last_login": "2014-01-19T14:16:58Z", 
        "year": 1, 
        "department": 5, 
        "is_admin": false, 
        "cropping": "", 
        "password": "pbkdf2_sha256$10000$u0ai3CQBo4NJ$FLFX6SLT2Ln7qKb0vVdkQ9xdWaCCoirMoscFqGmwJPo=", 
        "alternate_email": "rajsawan94@gmail.com", 
        "email": "chaudhary_sawan@iitb.ac.in", 
        "hostel": 15
    }
},
{
    "pk": 63, 
    "model": "signup.user", 
    "fields": {
        "first_name": "SAI CHARITHA", 
        "last_name": "AKULA", 
        "room": "211", 
        "rollno": "130050073", 
        "mobile": "9967679271", 
        "photo": "", 
        "skill": [], 
        "is_active": false, 
        "ldap_username": "130050073", 
        "last_login": "2014-01-19T10:05:53Z", 
        "year": 1, 
        "department": 1, 
        "is_admin": false, 
        "cropping": "", 
        "password": "pbkdf2_sha256$10000$Ek3kZ6sSGHhf$Mj0MIQoSD8pT7Rf+kg2OCcEiG7Npdjn36ClL6nVSKzs=", 
        "alternate_email": null, 
        "email": "130050073@iitb.ac.in", 
        "hostel": 15
    }
},
{
    "pk": 64, 
    "model": "signup.user", 
    "fields": {
        "first_name": "RAVI KISHORE", 
        "last_name": "BOGGARAPU", 
        "room": "A 216", 
        "rollno": "130070048", 
        "mobile": "9967351307", 
        "photo": "", 
        "skill": [], 
        "is_active": true, 
        "ldap_username": "ravikishore", 
        "last_login": "2014-01-19T10:20:05Z", 
        "year": 1, 
        "department": 2, 
        "is_admin": false, 
        "cropping": "", 
        "password": "pbkdf2_sha256$10000$k01lRUja7ikz$2fBBGvNr6ipNLovB2PcceHw4BKkBplzDd8tbuZUuqJ8=", 
        "alternate_email": "kishore.051996@gmail.com", 
        "email": "ravikishore@iitb.ac.in", 
        "hostel": 15
    }
},
{
    "pk": 65, 
    "model": "signup.user", 
    "fields": {
        "first_name": "SARANG", 
        "last_name": "ZAMBARE", 
        "room": "334", 
        "rollno": "13D260002", 
        "mobile": "9820219141", 
        "photo": "", 
        "skill": [], 
        "is_active": true, 
        "ldap_username": "13d260002", 
        "last_login": "2014-01-19T10:22:02Z", 
        "year": 1, 
        "department": 11, 
        "is_admin": false, 
        "cropping": "", 
        "password": "pbkdf2_sha256$10000$XPGtFioXdONs$PGK0UciDU6Z2hbOrGf8mlkr1gV2qQp9TuSBPF+lTX1U=", 
        "alternate_email": "thesarng@gmail.com", 
        "email": "13d260002@iitb.ac.in", 
        "hostel": 4
    }
},
{
    "pk": 66, 
    "model": "signup.user", 
    "fields": {
        "first_name": "PRADYOT", 
        "last_name": "PRAKASH", 
        "room": "B803", 
        "rollno": "130050008", 
        "mobile": "7208791160", 
        "photo": "", 
        "skill": [], 
        "is_active": true, 
        "ldap_username": "pradyot", 
        "last_login": "2014-01-23T09:32:01Z", 
        "year": 1, 
        "department": 1, 
        "is_admin": false, 
        "cropping": "", 
        "password": "pbkdf2_sha256$10000$o8MZUe3ivp6q$C451ZDZRg0tpAiDfSftw9KLPhuoG47NN9TxtFsl/pw4=", 
        "alternate_email": "pp2105@gmail.com", 
        "email": "pradyot@iitb.ac.in", 
        "hostel": 15
    }
},
{
    "pk": 67, 
    "model": "signup.user", 
    "fields": {
        "first_name": "VIKRANTH", 
        "last_name": "PUTTA", 
        "room": "336", 
        "rollno": "130260027", 
        "mobile": "9686696773", 
        "photo": "", 
        "skill": [], 
        "is_active": true, 
        "ldap_username": "130260027", 
        "last_login": "2014-01-19T10:39:31Z", 
        "year": 1, 
        "department": 11, 
        "is_admin": false, 
        "cropping": "", 
        "password": "pbkdf2_sha256$10000$zEd5OBAaHVob$Z3sVd5i7jbHbdgeSDgPiDw4u0UnXrWkwYBdopdXs3j4=", 
        "alternate_email": "vikranthputta@gmail.com", 
        "email": "130260027@iitb.ac.in", 
        "hostel": 4
    }
},
{
    "pk": 68, 
    "model": "signup.user", 
    "fields": {
        "first_name": "DIBYENDU", 
        "last_name": "MONDAL", 
        "room": "B618", 
        "rollno": "130050046", 
        "mobile": "9967687501", 
        "photo": "", 
        "skill": [], 
        "is_active": true, 
        "ldap_username": "130050046", 
        "last_login": "2014-01-19T10:43:27Z", 
        "year": 1, 
        "department": 1, 
        "is_admin": false, 
        "cropping": "", 
        "password": "pbkdf2_sha256$10000$zE1IVuGw83r7$oE7WfDdusRB9gcyznqWtAQXu72dIwIrIPqNvKIyrXkk=", 
        "alternate_email": "dibyendumondal14@gmail.com", 
        "email": "130050046@iitb.ac.in", 
        "hostel": 15
    }
},
{
    "pk": 69, 
    "model": "signup.user", 
    "fields": {
        "first_name": "UTKARSH", 
        "last_name": "KUMAR", 
        "room": "B-618", 
        "rollno": "130050022", 
        "mobile": "8419957415", 
        "photo": "", 
        "skill": [], 
        "is_active": true, 
        "ldap_username": "130050022", 
        "last_login": "2014-01-19T18:50:20Z", 
        "year": 1, 
        "department": 1, 
        "is_admin": false, 
        "cropping": "", 
        "password": "pbkdf2_sha256$10000$izIlgHLJUlEa$7icBxWgf3aNdK26DAOEAkLiih/N2hRo4p652kCe4F4E=", 
        "alternate_email": "kumar.utkarsh007@gmail.com", 
        "email": "130050022@iitb.ac.in", 
        "hostel": 15
    }
},
{
    "pk": 70, 
    "model": "signup.user", 
    "fields": {
        "first_name": "JAIN PRANAV", 
        "last_name": "NITIN", 
        "room": "a-905", 
        "rollno": "13D100027", 
        "mobile": "9930111341", 
        "photo": "", 
        "skill": [], 
        "is_active": true, 
        "ldap_username": "13D100027", 
        "last_login": "2014-01-19T10:48:15Z", 
        "year": 1, 
        "department": 14, 
        "is_admin": false, 
        "cropping": "", 
        "password": "pbkdf2_sha256$10000$iUvAb0P0Fj7U$pHsGJb05I2hv9e0UKc+3BklfLarvG2QzM9DEyMcoxW4=", 
        "alternate_email": "pranavjain11@gmail.com", 
        "email": "13D100027@iitb.ac.in", 
        "hostel": 15
    }
},
{
    "pk": 71, 
    "model": "signup.user", 
    "fields": {
        "first_name": "DARSHIL", 
        "last_name": "DAVE", 
        "room": "333", 
        "rollno": "13D260001", 
        "mobile": "9967322436", 
        "photo": "", 
        "skill": [], 
        "is_active": true, 
        "ldap_username": "darshildave", 
        "last_login": "2014-01-20T14:57:02Z", 
        "year": 1, 
        "department": 11, 
        "is_admin": false, 
        "cropping": "", 
        "password": "pbkdf2_sha256$10000$qmHvc7kue5ab$NDMGepaJfJYhdWsCA2Rnd4y4Djwh/IvyAn3YVvMtEMk=", 
        "alternate_email": "darshildave94@gmail.com", 
        "email": "darshildave@iitb.ac.in", 
        "hostel": 4
    }
},
{
    "pk": 72, 
    "model": "signup.user", 
    "fields": {
        "first_name": "PRANJAL", 
        "last_name": "KHARE", 
        "room": "1017", 
        "rollno": "130050028", 
        "mobile": "7506122718", 
        "photo": "", 
        "skill": [], 
        "is_active": true, 
        "ldap_username": "130050028", 
        "last_login": "2014-01-19T11:53:15Z", 
        "year": 1, 
        "department": 1, 
        "is_admin": false, 
        "cropping": "", 
        "password": "pbkdf2_sha256$10000$XmKqgurzFEcM$CMaXK9j5MRdbmCV0IS2Qw67bCKDxEyYyNIn2eQz0wrY=", 
        "alternate_email": "pranjalkhare7@gmail.com", 
        "email": "130050028@iitb.ac.in", 
        "hostel": 15
    }
},
{
    "pk": 73, 
    "model": "signup.user", 
    "fields": {
        "first_name": "NUTHALAPATI", 
        "last_name": "CHAITANYA", 
        "room": "331", 
        "rollno": "13D260012", 
        "mobile": "9967686785", 
        "photo": "", 
        "skill": [], 
        "is_active": true, 
        "ldap_username": "13d260012", 
        "last_login": "2014-01-19T16:19:22Z", 
        "year": 1, 
        "department": 11, 
        "is_admin": false, 
        "cropping": "", 
        "password": "pbkdf2_sha256$10000$tzztjxYuAL5S$9sMcyidQsbENO2VJn6oPudXhSvPiZHSIbNNVYjEKLjI=", 
        "alternate_email": "chaitanyanhyd@gmail.com", 
        "email": "13d260012@iitb.ac.in", 
        "hostel": 4
    }
},
{
    "pk": 74, 
    "model": "signup.user", 
    "fields": {
        "first_name": "LOKIT KUMAR", 
        "last_name": "PARAS", 
        "room": "703", 
        "rollno": "130050047", 
        "mobile": "7506134635", 
        "photo": "", 
        "skill": [], 
        "is_active": false, 
        "ldap_username": "130050047", 
        "last_login": "2014-01-19T11:05:44Z", 
        "year": 1, 
        "department": 1, 
        "is_admin": false, 
        "cropping": "", 
        "password": "pbkdf2_sha256$10000$5w09kpWlf8Gn$PYHiI3RfEWwoTH0PiekiMqSMvY2200VhYLDLryECEg8=", 
        "alternate_email": "lokit95@gmail.com", 
        "email": "130050047@iitb.ac.in", 
        "hostel": 15
    }
},
{
    "pk": 75, 
    "model": "signup.user", 
    "fields": {
        "first_name": "Viswa Virinchi\u00ad \u00ad", 
        "last_name": "Muppirala", 
        "room": "A211", 
        "rollno": "130070038", 
        "mobile": "9967885775", 
        "photo": "", 
        "skill": [
            1, 
            2, 
            7, 
            23, 
            34, 
            36, 
            41, 
            47
        ], 
        "is_active": true, 
        "ldap_username": "virinchi", 
        "last_login": "2014-01-20T16:03:41Z", 
        "year": 1, 
        "department": 2, 
        "is_admin": false, 
        "cropping": "", 
        "password": "pbkdf2_sha256$10000$GQClTDydCT53$zbWFMBKzK5i8E8HWBY86fWLfi1RsifGuJ6g+x6r5y0w=", 
        "alternate_email": "axlevisu@gmail.com", 
        "email": "virinchi@iitb.ac.in", 
        "hostel": 15
    }
},
{
    "pk": 76, 
    "model": "signup.user", 
    "fields": {
        "first_name": "PARTH", 
        "last_name": "SHAH", 
        "room": "1011", 
        "rollno": "130050015", 
        "mobile": "7208364354", 
        "photo": "", 
        "skill": [], 
        "is_active": true, 
        "ldap_username": "130050015", 
        "last_login": "2014-01-21T07:50:39Z", 
        "year": 1, 
        "department": 1, 
        "is_admin": false, 
        "cropping": "", 
        "password": "pbkdf2_sha256$10000$dVUrPjPD8par$B/qSBW3CdzkH8z73vQ5aPhbsVrHOwvEi/19JOK2CAXw=", 
        "alternate_email": "1995.parthshah@gmail.com", 
        "email": "130050015@iitb.ac.in", 
        "hostel": 15
    }
},
{
    "pk": 77, 
    "model": "signup.user", 
    "fields": {
        "first_name": "KARAN", 
        "last_name": "VAIDYA", 
        "room": "1016", 
        "rollno": "130050019", 
        "mobile": "7506112399", 
        "photo": "", 
        "skill": [], 
        "is_active": true, 
        "ldap_username": "130050019", 
        "last_login": "2014-01-20T12:54:32Z", 
        "year": 1, 
        "department": 1, 
        "is_admin": false, 
        "cropping": "", 
        "password": "pbkdf2_sha256$10000$ixhOvNu4NOHo$6aS20z423nkwBd26FM1qyYm3nt7rEIPWSVitXZx9C38=", 
        "alternate_email": "kaavee315@gmail.com", 
        "email": "130050019@iitb.ac.in", 
        "hostel": 15
    }
},
{
    "pk": 78, 
    "model": "signup.user", 
    "fields": {
        "first_name": "Rakesh Ranjan", 
        "last_name": "Nayak", 
        "room": "171", 
        "rollno": "120050047", 
        "mobile": "9920349139", 
        "photo": "documents/2014/01/19/abcd.png", 
        "skill": [
            9, 
            29, 
            33, 
            34, 
            35, 
            37, 
            40
        ], 
        "is_active": true, 
        "ldap_username": "rakesh_ranjan", 
        "last_login": "2014-01-19T11:20:43Z", 
        "year": 2, 
        "department": 1, 
        "is_admin": false, 
        "cropping": "75,0,361,381", 
        "password": "pbkdf2_sha256$10000$1gg3zJ5piKSc$oRkNO/Cc+PTN/uqw1O9FiExhWoS8pVh4C1a7EbgoCpY=", 
        "alternate_email": "whichrakesh@gmail.com", 
        "email": "rakesh_ranjan@iitb.ac.in", 
        "hostel": 7
    }
},
{
    "pk": 79, 
    "model": "signup.user", 
    "fields": {
        "first_name": "JAY", 
        "last_name": "KSHTRI", 
        "room": "A708", 
        "rollno": "13D170007", 
        "mobile": "9821868018", 
        "photo": "", 
        "skill": [], 
        "is_active": true, 
        "ldap_username": "13D170007", 
        "last_login": "2014-01-19T12:06:59Z", 
        "year": 1, 
        "department": 8, 
        "is_admin": false, 
        "cropping": "", 
        "password": "pbkdf2_sha256$10000$QnFQtMG1tKQ1$7pKd5CIUaqRl169pAa6baPyN9lQnHTO8AUROMoffpPs=", 
        "alternate_email": "jay.kshtri@gmail.com", 
        "email": "13D170007@iitb.ac.in", 
        "hostel": 15
    }
},
{
    "pk": 80, 
    "model": "signup.user", 
    "fields": {
        "first_name": "TRIDEEP", 
        "last_name": "KAWDE", 
        "room": "331", 
        "rollno": "13D260011", 
        "mobile": "9967374676", 
        "photo": "documents/2014/01/19/1000283_505100239543927_1332860136_n.jpg", 
        "skill": [], 
        "is_active": true, 
        "ldap_username": "trideepkawde", 
        "last_login": "2014-01-21T02:48:00Z", 
        "year": 1, 
        "department": 11, 
        "is_admin": false, 
        "cropping": "", 
        "password": "pbkdf2_sha256$10000$5gQBNB3mhokL$8H7MofK+29HQ99w88ZzNsD8A2Prjzu5dLkyXn1YcGRA=", 
        "alternate_email": "trideep.kawde@icloud.com", 
        "email": "trideepkawde@iitb.ac.in", 
        "hostel": 4
    }
},
{
    "pk": 81, 
    "model": "signup.user", 
    "fields": {
        "first_name": "YASH", 
        "last_name": "SANGHVI", 
        "room": "A-711", 
        "rollno": "13D070042", 
        "mobile": "9967164461", 
        "photo": "", 
        "skill": [], 
        "is_active": true, 
        "ldap_username": "13d070042", 
        "last_login": "2014-01-19T11:58:41Z", 
        "year": 1, 
        "department": 2, 
        "is_admin": false, 
        "cropping": "", 
        "password": "pbkdf2_sha256$10000$6iBpkfrQyqQc$MjTPT1yJ4e9EtLb1QiXqanXbAoYbXlNq2INOh+ZuZfw=", 
        "alternate_email": "sanghviyash95@gmail.com", 
        "email": "13d070042@iitb.ac.in", 
        "hostel": 15
    }
},
{
    "pk": 82, 
    "model": "signup.user", 
    "fields": {
        "first_name": "ANAND", 
        "last_name": "BHORASKAR", 
        "room": "B1018", 
        "rollno": "130050025", 
        "mobile": "9967351826", 
        "photo": "", 
        "skill": [], 
        "is_active": true, 
        "ldap_username": "130050025", 
        "last_login": "2014-01-21T12:00:15Z", 
        "year": 1, 
        "department": 1, 
        "is_admin": false, 
        "cropping": "", 
        "password": "pbkdf2_sha256$10000$n1pwEANl4SfX$wn4ofjidHZW6VeC4vesZKnXr5HvW5QSZGeTXaXP7JLQ=", 
        "alternate_email": "anandbhoraskar@gmail.com", 
        "email": "130050025@iitb.ac.in", 
        "hostel": 15
    }
},
{
    "pk": 83, 
    "model": "signup.user", 
    "fields": {
        "first_name": "SHUBHAM", 
        "last_name": "YADAV", 
        "room": "B305", 
        "rollno": "130050003", 
        "mobile": "9967342880", 
        "photo": "", 
        "skill": [], 
        "is_active": true, 
        "ldap_username": "130050003", 
        "last_login": "2014-01-19T12:00:58Z", 
        "year": 1, 
        "department": 1, 
        "is_admin": false, 
        "cropping": "", 
        "password": "pbkdf2_sha256$10000$ho0GsExvLQWv$thdwqrhb7H6IjLVwRnQeQHKAYqe/rDH9kYWtXjhh990=", 
        "alternate_email": "shubham.yadav1611@gmail.com", 
        "email": "130050003@iitb.ac.in", 
        "hostel": 15
    }
},
{
    "pk": 84, 
    "model": "signup.user", 
    "fields": {
        "first_name": "SHUDHATMA", 
        "last_name": "JAIN", 
        "room": "B311", 
        "rollno": "130050024", 
        "mobile": "7605122619", 
        "photo": "", 
        "skill": [], 
        "is_active": true, 
        "ldap_username": "shudhatma", 
        "last_login": "2014-01-19T17:18:26Z", 
        "year": 1, 
        "department": 1, 
        "is_admin": false, 
        "cropping": "", 
        "password": "pbkdf2_sha256$10000$ZuWUwlLg0hLZ$Dak3MGYnlatgxVpnJAoIEnOv75lFuCHAvdZxYSMiZww=", 
        "alternate_email": "shudhatmantse@gmail.com", 
        "email": "shudhatma@iitb.ac.in", 
        "hostel": 15
    }
},
{
    "pk": 85, 
    "model": "signup.user", 
    "fields": {
        "first_name": "ALOOR ATISH", 
        "last_name": "JOY", 
        "room": "412", 
        "rollno": "130070010", 
        "mobile": "9987700750", 
        "photo": "", 
        "skill": [], 
        "is_active": true, 
        "ldap_username": "atish.aloor", 
        "last_login": "2014-01-19T12:05:13Z", 
        "year": 1, 
        "department": 2, 
        "is_admin": false, 
        "cropping": "", 
        "password": "pbkdf2_sha256$10000$wp2ZelZBhpes$Q/iVCpu+JDAEFmXNgSrlOebdybadbaR4bAugcRdOxZY=", 
        "alternate_email": "aloor.atish@gmail.com", 
        "email": "atish.aloor@iitb.ac.in", 
        "hostel": 15
    }
},
{
    "pk": 86, 
    "model": "signup.user", 
    "fields": {
        "first_name": "SAURABH", 
        "last_name": "BHOLA", 
        "room": "332", 
        "rollno": "13D260008", 
        "mobile": "9967323133", 
        "photo": "", 
        "skill": [], 
        "is_active": true, 
        "ldap_username": "13D260008", 
        "last_login": "2014-01-19T12:10:55Z", 
        "year": 1, 
        "department": 11, 
        "is_admin": false, 
        "cropping": "", 
        "password": "pbkdf2_sha256$10000$RVa7s0Snb1m4$jnzXMpoa1IZq6TaLm6Y9B3w2b/3zLxcVg29IDT6UpTw=", 
        "alternate_email": "veenu.bhola@gmail.com", 
        "email": "13D260008@iitb.ac.in", 
        "hostel": 4
    }
},
{
    "pk": 87, 
    "model": "signup.user", 
    "fields": {
        "first_name": "S CHANDRA MOULESHWAR", 
        "last_name": "REDDY", 
        "room": "A412", 
        "rollno": "130100076", 
        "mobile": "9967679388", 
        "photo": "documents/2014/01/21/Snapshot_20131228_1.JPG", 
        "skill": [
            1, 
            2, 
            23, 
            33, 
            34, 
            36, 
            40, 
            41, 
            49
        ], 
        "is_active": true, 
        "ldap_username": "chandra.mouli", 
        "last_login": "2014-01-21T12:08:51Z", 
        "year": 1, 
        "department": 14, 
        "is_admin": false, 
        "cropping": "141,0,501,480", 
        "password": "pbkdf2_sha256$10000$jyYGp0sD7EcF$t4icZPi8vVOTVLEWJn9KpwjtCaZzn0KXeYv2nCnYiK8=", 
        "alternate_email": "mouli.4543@gmail.com", 
        "email": "chandra.mouli@iitb.ac.in", 
        "hostel": 15
    }
},
{
    "pk": 88, 
    "model": "signup.user", 
    "fields": {
        "first_name": "ANMOL", 
        "last_name": "GARG", 
        "room": "143", 
        "rollno": "110050020", 
        "mobile": "8879507283", 
        "photo": "", 
        "skill": [
            33, 
            34, 
            35, 
            36, 
            37, 
            38, 
            39, 
            40, 
            41, 
            42
        ], 
        "is_active": true, 
        "ldap_username": "garganmol1993", 
        "last_login": "2014-01-20T14:02:33Z", 
        "year": 3, 
        "department": 1, 
        "is_admin": false, 
        "cropping": "", 
        "password": "pbkdf2_sha256$10000$4OKFhKt0NaRZ$tXL2E1mxF2S/Q4zEIXJrSU7yYIm2Oat3UGRwko9jFFs=", 
        "alternate_email": "garganmol1993@gmail.com", 
        "email": "garganmol1993@iitb.ac.in", 
        "hostel": 3
    }
},
{
    "pk": 89, 
    "model": "signup.user", 
    "fields": {
        "first_name": "ANMOL", 
        "last_name": "ARORA", 
        "room": "B 304", 
        "rollno": "130050027", 
        "mobile": "0842480930", 
        "photo": "", 
        "skill": [], 
        "is_active": true, 
        "ldap_username": "anmol_arora_59", 
        "last_login": "2014-01-19T12:31:50Z", 
        "year": 1, 
        "department": 1, 
        "is_admin": false, 
        "cropping": "", 
        "password": "pbkdf2_sha256$10000$jHJdZOBqVVww$odDehuxh9EQYA3RyEabldgCbvGPps11LmYSHalHl1wU=", 
        "alternate_email": "anmolarora59@gmail.com", 
        "email": "anmol_arora_59@iitb.ac.in", 
        "hostel": 15
    }
},
{
    "pk": 90, 
    "model": "signup.user", 
    "fields": {
        "first_name": "SAMARTH", 
        "last_name": "MISHRA", 
        "room": "338", 
        "rollno": "130260018", 
        "mobile": "9967325957", 
        "photo": "", 
        "skill": [], 
        "is_active": true, 
        "ldap_username": "130260018", 
        "last_login": "2014-01-19T13:21:37Z", 
        "year": 1, 
        "department": 11, 
        "is_admin": false, 
        "cropping": "", 
        "password": "pbkdf2_sha256$10000$4uf5Mn1JAU3c$/U6Jjn6U+7DQCD+7v3kS/Pjl3xTDwCnlDmhPmzwd4mc=", 
        "alternate_email": "samarth4149@gmail.com", 
        "email": "130260018@iitb.ac.in", 
        "hostel": 4
    }
},
{
    "pk": 91, 
    "model": "signup.user", 
    "fields": {
        "first_name": "NIKHIL STEPHEN", 
        "last_name": "ABRAHAM", 
        "room": "409", 
        "rollno": "130100090", 
        "mobile": "8454988952", 
        "photo": "", 
        "skill": [], 
        "is_active": true, 
        "ldap_username": "nikhil.abraham", 
        "last_login": "2014-01-19T13:08:40Z", 
        "year": 1, 
        "department": 14, 
        "is_admin": false, 
        "cropping": "", 
        "password": "pbkdf2_sha256$10000$SN1802r6esbk$bwLUpO+sNBKujIfH0Bgl3pwlE4DQk5If2DFOv6IHd/4=", 
        "alternate_email": "nikhil.steph@gmail.com", 
        "email": "nikhil.abraham@iitb.ac.in", 
        "hostel": 15
    }
},
{
    "pk": 92, 
    "model": "signup.user", 
    "fields": {
        "first_name": "M SAI", 
        "last_name": "NIKHIL", 
        "room": "702", 
        "rollno": "130050055", 
        "mobile": "8424809354", 
        "photo": "", 
        "skill": [], 
        "is_active": true, 
        "ldap_username": "msainikhil", 
        "last_login": "2014-01-19T13:53:37Z", 
        "year": 1, 
        "department": 1, 
        "is_admin": false, 
        "cropping": "", 
        "password": "pbkdf2_sha256$10000$VlNLCnDgeo39$wYGPLnKwK7Vj18LNLtvad12H0obJoI5cIP+36+a/9es=", 
        "alternate_email": "msainikhil1995@gmail.com", 
        "email": "msainikhil@iitb.ac.in", 
        "hostel": 15
    }
},
{
    "pk": 93, 
    "model": "signup.user", 
    "fields": {
        "first_name": "SHANTANU YOGESHRAJ", 
        "last_name": "THAKOOR", 
        "room": "904A", 
        "rollno": "13D100003", 
        "mobile": "8976237484", 
        "photo": "", 
        "skill": [], 
        "is_active": true, 
        "ldap_username": "13D100003", 
        "last_login": "2014-01-20T03:18:47Z", 
        "year": 1, 
        "department": 14, 
        "is_admin": false, 
        "cropping": "", 
        "password": "pbkdf2_sha256$10000$4KP53miS7e2o$eDVsDMgIgo/IfYfyuKI3LEWE75vp8ztFjg9dBIqBARs=", 
        "alternate_email": "shanu.thakoor@gmail.com", 
        "email": "13D100003@iitb.ac.in", 
        "hostel": 15
    }
},
{
    "pk": 94, 
    "model": "signup.user", 
    "fields": {
        "first_name": "CHOURASIA SOUMYA", 
        "last_name": "ASHISHKUMAR", 
        "room": "C-105", 
        "rollno": "130110038", 
        "mobile": "7756049832", 
        "photo": "", 
        "skill": [], 
        "is_active": true, 
        "ldap_username": "130110038", 
        "last_login": "2014-01-19T14:08:14Z", 
        "year": 1, 
        "department": 12, 
        "is_admin": false, 
        "cropping": "", 
        "password": "pbkdf2_sha256$10000$D4p3LaODlUYe$w57lCOxMSI5puHvZY9m1eS89cpZiTCBsRFLk649VPjA=", 
        "alternate_email": "soumyachourasia43@gmail.com", 
        "email": "130110038@iitb.ac.in", 
        "hostel": 15
    }
},
{
    "pk": 95, 
    "model": "signup.user", 
    "fields": {
        "first_name": "MANDAGIRI SAI", 
        "last_name": "KRISHNA", 
        "room": "137", 
        "rollno": "110050059", 
        "mobile": "9920131267", 
        "photo": "", 
        "skill": [
            34, 
            35
        ], 
        "is_active": true, 
        "ldap_username": "saikrishna17394", 
        "last_login": "2014-01-19T15:08:55Z", 
        "year": 3, 
        "department": 1, 
        "is_admin": false, 
        "cropping": "", 
        "password": "pbkdf2_sha256$10000$NDArIPqJW8dO$UHovpd9UPootQv5a40t1E/zSiu5/ssEJkuhXTgKpONQ=", 
        "alternate_email": "saikrishna17394@gmail.com", 
        "email": "saikrishna17394@iitb.ac.in", 
        "hostel": 8
    }
},
{
    "pk": 96, 
    "model": "signup.user", 
    "fields": {
        "first_name": "SUYASH", 
        "last_name": "TIWARI", 
        "room": "B-903", 
        "rollno": "130020095", 
        "mobile": "0996732650", 
        "photo": "", 
        "skill": [], 
        "is_active": true, 
        "ldap_username": "suyash_tiwari", 
        "last_login": "2014-01-19T15:18:13Z", 
        "year": 1, 
        "department": 5, 
        "is_admin": false, 
        "cropping": "", 
        "password": "pbkdf2_sha256$10000$KwUJkp060evt$etuuW7gIfI9CIwnF+P5ytewy1qMs+FZsD0Y8r+k4i8g=", 
        "alternate_email": "tiwarisuyash95@gmail.com", 
        "email": "suyash_tiwari@iitb.ac.in", 
        "hostel": 15
    }
},
{
    "pk": 97, 
    "model": "signup.user", 
    "fields": {
        "first_name": "MANJEET", 
        "last_name": "GODARA", 
        "room": "139", 
        "rollno": "120110032", 
        "mobile": "7738259723", 
        "photo": "", 
        "skill": [], 
        "is_active": true, 
        "ldap_username": "manjeet.91", 
        "last_login": "2014-01-19T17:23:20Z", 
        "year": 2, 
        "department": 12, 
        "is_admin": false, 
        "cropping": "", 
        "password": "pbkdf2_sha256$10000$aTnWdrVPJnDB$Qom0i3cSu2J/0LXA+OkQy6ealPFQktgPAQ/L6N335+8=", 
        "alternate_email": "manjeet.g4673@gmail.com", 
        "email": "manjeet.91@iitb.ac.in", 
        "hostel": 9
    }
},
{
    "pk": 98, 
    "model": "signup.user", 
    "fields": {
        "first_name": "KUSUPATI VENKATA", 
        "last_name": "ADITYA", 
        "room": "B310", 
        "rollno": "130050054", 
        "mobile": "9967301264", 
        "photo": "", 
        "skill": [], 
        "is_active": true, 
        "ldap_username": "kvaditya", 
        "last_login": "2014-01-19T17:29:59Z", 
        "year": 1, 
        "department": 1, 
        "is_admin": false, 
        "cropping": "", 
        "password": "pbkdf2_sha256$10000$bK3FO5dAnxWr$9KODgAYTgsvHYevLv0mL7WGOp4Lm3IAe/D/CNsf5wI4=", 
        "alternate_email": "adityakusupati2@gmail.com", 
        "email": "kvaditya@iitb.ac.in", 
        "hostel": 15
    }
},
{
    "pk": 99, 
    "model": "signup.user", 
    "fields": {
        "first_name": "PAWAN", 
        "last_name": "KUMAR", 
        "room": "A-110", 
        "rollno": "130100033", 
        "mobile": "9967336169", 
        "photo": "", 
        "skill": [], 
        "is_active": true, 
        "ldap_username": "130100033", 
        "last_login": "2014-01-19T17:46:50Z", 
        "year": 1, 
        "department": 14, 
        "is_admin": false, 
        "cropping": "", 
        "password": "pbkdf2_sha256$10000$MLzS3qXrGR63$eC2jGDlW1VHPq4+oUq+T1yEIsAqrDbyIzdfSOavfA7M=", 
        "alternate_email": "pawan7597782177kumar@gmail.com", 
        "email": "130100033@iitb.ac.in", 
        "hostel": 15
    }
},
{
    "pk": 100, 
    "model": "signup.user", 
    "fields": {
        "first_name": "L", 
        "last_name": "RAHUL", 
        "room": "B-311", 
        "rollno": "130050056", 
        "mobile": "7506122797", 
        "photo": "", 
        "skill": [], 
        "is_active": true, 
        "ldap_username": "rahul7", 
        "last_login": "2014-01-21T15:36:21Z", 
        "year": 1, 
        "department": 1, 
        "is_admin": false, 
        "cropping": "", 
        "password": "pbkdf2_sha256$10000$beLBDInH6Sdf$u4Wpcr65FY3/tjxKUhFzf5BnD2vi5hzzgR/Q0DIkR8c=", 
        "alternate_email": "lingalarahul7@gmail.com", 
        "email": "rahul7@iitb.ac.in", 
        "hostel": 15
    }
},
{
    "pk": 101, 
    "model": "signup.user", 
    "fields": {
        "first_name": "DHEERAJ", 
        "last_name": "KOTAGIRI", 
        "room": "704", 
        "rollno": "13D070059", 
        "mobile": "7506110933", 
        "photo": "", 
        "skill": [], 
        "is_active": true, 
        "ldap_username": "13d070059", 
        "last_login": "2014-01-19T17:31:42Z", 
        "year": 1, 
        "department": 2, 
        "is_admin": false, 
        "cropping": "", 
        "password": "pbkdf2_sha256$10000$XZPF7KCFxCuY$46w7+uCKat54jpZDrEnzlcHNBL4bbzJywGHr8mxKJ1A=", 
        "alternate_email": "kdhiru1994@gmail.com", 
        "email": "13d070059@iitb.ac.in", 
        "hostel": 15
    }
},
{
    "pk": 102, 
    "model": "signup.user", 
    "fields": {
        "first_name": "DURVESH", 
        "last_name": "CHAUGANJKAR", 
        "room": "A-111", 
        "rollno": "130100046", 
        "mobile": "9987699228", 
        "photo": "", 
        "skill": [], 
        "is_active": true, 
        "ldap_username": "durveshindore", 
        "last_login": "2014-01-19T17:41:05Z", 
        "year": 1, 
        "department": 14, 
        "is_admin": false, 
        "cropping": "", 
        "password": "pbkdf2_sha256$10000$kGQyVt0vWF7b$qynLwZHABp+UXxOZbjrOK6u/Mur9BzR6h+7KkEmmYTg=", 
        "alternate_email": "durveshindore@gmail.com", 
        "email": "durveshindore@iitb.ac.in", 
        "hostel": 15
    }
},
{
    "pk": 103, 
    "model": "signup.user", 
    "fields": {
        "first_name": "SUDHIR", 
        "last_name": "KUMAR", 
        "room": "A313", 
        "rollno": "13D070036", 
        "mobile": "9892274876", 
        "photo": "", 
        "skill": [], 
        "is_active": true, 
        "ldap_username": "13d070036", 
        "last_login": "2014-01-24T20:46:00Z", 
        "year": 1, 
        "department": 2, 
        "is_admin": false, 
        "cropping": "", 
        "password": "pbkdf2_sha256$10000$kPKB84z3h93y$Ugw+uJXAYaP5KJ54ApnrNKrAfh8D5+g/gVyyYPW5DmA=", 
        "alternate_email": "sudhirkumarxe@gmail.com", 
        "email": "13d070036@iitb.ac.in", 
        "hostel": 15
    }
},
{
    "pk": 104, 
    "model": "signup.user", 
    "fields": {
        "first_name": "SHEEL", 
        "last_name": "NIDHAN", 
        "room": "A512", 
        "rollno": "130100029", 
        "mobile": "7506119060", 
        "photo": "", 
        "skill": [], 
        "is_active": true, 
        "ldap_username": "130100029", 
        "last_login": "2014-01-19T18:19:16Z", 
        "year": 1, 
        "department": 14, 
        "is_admin": false, 
        "cropping": "", 
        "password": "pbkdf2_sha256$10000$UMyer1NhYRIn$smv8oWlGlAV4qty58q2T3gIX4PHV25/gAg8sxtvxTRs=", 
        "alternate_email": "snidhan567@gmail.com", 
        "email": "130100029@iitb.ac.in", 
        "hostel": 15
    }
},
{
    "pk": 105, 
    "model": "signup.user", 
    "fields": {
        "first_name": "Abc", 
        "last_name": "", 
        "room": "1", 
        "rollno": "", 
        "mobile": "", 
        "photo": "", 
        "skill": [], 
        "is_active": true, 
        "ldap_username": "", 
        "last_login": "2014-01-20T07:32:43Z", 
        "year": 1, 
        "department": 1, 
        "is_admin": true, 
        "cropping": "", 
        "password": "pbkdf2_sha256$10000$SkXjto41BTFZ$yXTSVIOzxPGayyKtjvDQXbquqMfuOA2+SJe29URyTtQ=", 
        "alternate_email": "", 
        "email": "abc@abc.abc", 
        "hostel": 1
    }
},
{
    "pk": 106, 
    "model": "signup.user", 
    "fields": {
        "first_name": "SHARAD", 
        "last_name": "YADAV", 
        "room": "B103", 
        "rollno": "130020054", 
        "mobile": "9892275397", 
        "photo": "", 
        "skill": [], 
        "is_active": true, 
        "ldap_username": "130020054", 
        "last_login": "2014-01-19T18:56:39Z", 
        "year": 1, 
        "department": 5, 
        "is_admin": false, 
        "cropping": "485,300,1478,719", 
        "password": "pbkdf2_sha256$10000$p8BCCMundncD$tYxFQO0qkFb1yJZyaOJG4O1BX1nTlepW7FCGKbtWd78=", 
        "alternate_email": "sharadyadavsy@gmail.com", 
        "email": "130020054@iitb.ac.in", 
        "hostel": 15
    }
},
{
    "pk": 107, 
    "model": "signup.user", 
    "fields": {
        "first_name": "NIKHIL", 
        "last_name": "CHOWDARY", 
        "room": "228", 
        "rollno": "120010054", 
        "mobile": "9769472997", 
        "photo": "", 
        "skill": [], 
        "is_active": false, 
        "ldap_username": "120010054", 
        "last_login": "2014-01-19T20:01:53Z", 
        "year": 1, 
        "department": 3, 
        "is_admin": false, 
        "cropping": "", 
        "password": "pbkdf2_sha256$10000$Swp59kcxnvUN$8lAbIgY/ciIV67TNrhnfQwyQkFHNS3AbwpzqFlt7bec=", 
        "alternate_email": "nikhilchowdary1995@gmail.com", 
        "email": "120010054@iitb.ac.in", 
        "hostel": 6
    }
},
{
    "pk": 108, 
    "model": "signup.user", 
    "fields": {
        "first_name": "SARTHAK", 
        "last_name": "GUPTA", 
        "room": "b-902", 
        "rollno": "130020053", 
        "mobile": "8451862383", 
        "photo": "", 
        "skill": [], 
        "is_active": true, 
        "ldap_username": "130020053", 
        "last_login": "2014-01-21T04:02:09Z", 
        "year": 1, 
        "department": 5, 
        "is_admin": false, 
        "cropping": "", 
        "password": "pbkdf2_sha256$10000$Kb3KNaCeix1W$I84BHahJnuw+z4SpCjgMThRpfhZiQwFcTPQLKI+yOsY=", 
        "alternate_email": "sarthakg26.sg@gmail.com", 
        "email": "130020053@iitb.ac.in", 
        "hostel": 15
    }
},
{
    "pk": 109, 
    "model": "signup.user", 
    "fields": {
        "first_name": "AKSHAY  VISHNU", 
        "last_name": "M", 
        "room": "806A", 
        "rollno": "130100087", 
        "mobile": "7506110710", 
        "photo": "", 
        "skill": [], 
        "is_active": false, 
        "ldap_username": "130100087", 
        "last_login": "2014-01-20T00:19:00Z", 
        "year": 1, 
        "department": 14, 
        "is_admin": false, 
        "cropping": "", 
        "password": "pbkdf2_sha256$10000$CQLNxMxF8Gzk$JHMI+e37tyHoXWpykBSJBaADbZnhupoSG39km4Kwahs=", 
        "alternate_email": "vishnu.akshay@gmail.com", 
        "email": "130100087@iitb.ac.in", 
        "hostel": 15
    }
},
{
    "pk": 110, 
    "model": "signup.user", 
    "fields": {
        "first_name": "PALKA", 
        "last_name": "PURI", 
        "room": "C-302", 
        "rollno": "130260014", 
        "mobile": "9967341739", 
        "photo": "", 
        "skill": [], 
        "is_active": true, 
        "ldap_username": "130260014", 
        "last_login": "2014-01-20T05:36:27Z", 
        "year": 1, 
        "department": 11, 
        "is_admin": false, 
        "cropping": "", 
        "password": "pbkdf2_sha256$10000$Ko1aTdYjqtBO$weOTYdWWW02Mwd43OkCDwmx86WcSXQI+6m4ItFc2qEA=", 
        "alternate_email": "ppuri.cash@gmail.com", 
        "email": "130260014@iitb.ac.in", 
        "hostel": 15
    }
},
{
    "pk": 111, 
    "model": "signup.user", 
    "fields": {
        "first_name": "YASH", 
        "last_name": "GUPTA", 
        "room": "A109", 
        "rollno": "130110034", 
        "mobile": "9004488350", 
        "photo": "", 
        "skill": [], 
        "is_active": true, 
        "ldap_username": "130110034", 
        "last_login": "2014-01-20T05:17:13Z", 
        "year": 1, 
        "department": 12, 
        "is_admin": false, 
        "cropping": "", 
        "password": "pbkdf2_sha256$10000$UjfeSOegAJe8$TN6l/S0Ky2xNxjrcm6N14DAM95vUXfKPztqYcHUWZx8=", 
        "alternate_email": "yashu1996@gmail.com", 
        "email": "130110034@iitb.ac.in", 
        "hostel": 15
    }
},
{
    "pk": 112, 
    "model": "signup.user", 
    "fields": {
        "first_name": "SAUMYA", 
        "last_name": "SHIVAM", 
        "room": "335", 
        "rollno": "13D260004", 
        "mobile": "9220550760", 
        "photo": "", 
        "skill": [], 
        "is_active": true, 
        "ldap_username": "13d260004", 
        "last_login": "2014-01-20T05:33:33Z", 
        "year": 1, 
        "department": 11, 
        "is_admin": false, 
        "cropping": "", 
        "password": "pbkdf2_sha256$10000$smTQ5ArQOxRH$+0PY6Q3J0yDE1HW8Zm3L172Vr83vSeNS85tkmN/n1+A=", 
        "alternate_email": "saumya994@gmail.com", 
        "email": "13d260004@iitb.ac.in", 
        "hostel": 4
    }
},
{
    "pk": 113, 
    "model": "signup.user", 
    "fields": {
        "first_name": "SHRAVAN", 
        "last_name": "LODHI", 
        "room": "335", 
        "rollno": "13D260010", 
        "mobile": "7506112373", 
        "photo": "", 
        "skill": [], 
        "is_active": true, 
        "ldap_username": "13d260010", 
        "last_login": "2014-01-20T05:42:21Z", 
        "year": 1, 
        "department": 11, 
        "is_admin": false, 
        "cropping": "", 
        "password": "pbkdf2_sha256$10000$9N7pbAo2hwEQ$2AD22RU49ErUtSTb2pyaF3eJEev7TulowaVGY0rIm0I=", 
        "alternate_email": "shravanlodhi81@gmail.com", 
        "email": "13d260010@iitb.ac.in", 
        "hostel": 4
    }
},
{
    "pk": 114, 
    "model": "signup.user", 
    "fields": {
        "first_name": "SRIJAN", 
        "last_name": "SRIJAN", 
        "room": "337", 
        "rollno": "130260020", 
        "mobile": "9967687250", 
        "photo": "", 
        "skill": [], 
        "is_active": true, 
        "ldap_username": "130260020", 
        "last_login": "2014-01-20T06:16:38Z", 
        "year": 1, 
        "department": 11, 
        "is_admin": false, 
        "cropping": "", 
        "password": "pbkdf2_sha256$10000$VgXKBZEiKwHN$0T7gvdJ1dF6E40XSE41hVgvSWr7akLvmmZbKOOBjZdE=", 
        "alternate_email": null, 
        "email": "130260020@iitb.ac.in", 
        "hostel": 4
    }
},
{
    "pk": 115, 
    "model": "signup.user", 
    "fields": {
        "first_name": "ASHISH", 
        "last_name": "NANDA", 
        "room": "389", 
        "rollno": "130260004", 
        "mobile": "9619564898", 
        "photo": "", 
        "skill": [], 
        "is_active": true, 
        "ldap_username": "130260004", 
        "last_login": "2014-01-26T13:23:44Z", 
        "year": 1, 
        "department": 11, 
        "is_admin": false, 
        "cropping": "", 
        "password": "pbkdf2_sha256$10000$J5z7YraQSZeF$wCGUzHp5D3JbPF64oQDhfJGuTGUn+CG+YKKr91sBMHw=", 
        "alternate_email": "ashishnanda.694@gmail.com", 
        "email": "130260004@iitb.ac.in", 
        "hostel": 4
    }
},
{
    "pk": 116, 
    "model": "signup.user", 
    "fields": {
        "first_name": "KUNAL", 
        "last_name": "AGRAWAL", 
        "room": "B-312", 
        "rollno": "130050004", 
        "mobile": "9967351974", 
        "photo": "", 
        "skill": [], 
        "is_active": true, 
        "ldap_username": "kunalagrawal", 
        "last_login": "2014-01-20T08:13:54Z", 
        "year": 1, 
        "department": 1, 
        "is_admin": false, 
        "cropping": "", 
        "password": "pbkdf2_sha256$10000$Nkr6xuZtJ59I$EuGHq8uRofIVhM97UBOZYgyMfK3eyQ264LxN1do0Xpk=", 
        "alternate_email": "kunalagrawal1995@gmail.com", 
        "email": "kunalagrawal@iitb.ac.in", 
        "hostel": 15
    }
},
{
    "pk": 117, 
    "model": "signup.user", 
    "fields": {
        "first_name": "Sameer", 
        "last_name": "Sonar", 
        "room": "333", 
        "rollno": "13D260007", 
        "mobile": "8454992486", 
        "photo": "", 
        "skill": [], 
        "is_active": true, 
        "ldap_username": "13d260007", 
        "last_login": "2014-01-20T15:11:09Z", 
        "year": 1, 
        "department": 11, 
        "is_admin": false, 
        "cropping": "", 
        "password": "pbkdf2_sha256$10000$AbiQ4dEirPoi$sfTHvG1MGF8gNRSqaskMD4N/sCR4gO5JGpqL0aAODAg=", 
        "alternate_email": "sameersonar2@gmail.com", 
        "email": "13d260007@iitb.ac.in", 
        "hostel": 4
    }
},
{
    "pk": 118, 
    "model": "signup.user", 
    "fields": {
        "first_name": "MUDIT", 
        "last_name": "RAI", 
        "room": "337", 
        "rollno": "130260008", 
        "mobile": "7506144907", 
        "photo": "", 
        "skill": [], 
        "is_active": false, 
        "ldap_username": "130260008", 
        "last_login": "2014-01-20T09:48:37Z", 
        "year": 1, 
        "department": 11, 
        "is_admin": false, 
        "cropping": "", 
        "password": "pbkdf2_sha256$10000$8IJUz73YGnGY$Ns0gDahm9hv3qAiyMxEx8EJhTibezPfJZP0k91Q6kD8=", 
        "alternate_email": "mudit.4rai@gmail.com", 
        "email": "130260008@iitb.ac.in", 
        "hostel": 4
    }
},
{
    "pk": 119, 
    "model": "signup.user", 
    "fields": {
        "first_name": "JAY", 
        "last_name": "MARDIA", 
        "room": "615-A", 
        "rollno": "13D070011", 
        "mobile": "", 
        "photo": "", 
        "skill": [], 
        "is_active": true, 
        "ldap_username": "13d070011", 
        "last_login": "2014-01-20T11:29:31Z", 
        "year": 1, 
        "department": 2, 
        "is_admin": false, 
        "cropping": "", 
        "password": "pbkdf2_sha256$10000$sGVasJCIY2fv$+jxQu0fgTIPB4sKRHOTq0kM4S26CbMNbh+Lll0jj5wo=", 
        "alternate_email": null, 
        "email": "13d070011@iitb.ac.in", 
        "hostel": 15
    }
},
{
    "pk": 120, 
    "model": "signup.user", 
    "fields": {
        "first_name": "ABHILASH", 
        "last_name": "KULKARNI", 
        "room": "B 313", 
        "rollno": "130010006", 
        "mobile": "9820087139", 
        "photo": "", 
        "skill": [], 
        "is_active": true, 
        "ldap_username": "abhilashsk", 
        "last_login": "2014-01-20T12:31:39Z", 
        "year": 1, 
        "department": 3, 
        "is_admin": false, 
        "cropping": "", 
        "password": "pbkdf2_sha256$10000$TzAj8nmvMGoH$xkzY7Kero6JcUosDKe2rvtU2nNKL8lO98nQbm4yFpmg=", 
        "alternate_email": "abhilashkulkarni1410@gmail.com", 
        "email": "abhilashsk@iitb.ac.in", 
        "hostel": 15
    }
},
{
    "pk": 121, 
    "model": "signup.user", 
    "fields": {
        "first_name": "AYUSH", 
        "last_name": "SHRINGI", 
        "room": "1005", 
        "rollno": "130070014", 
        "mobile": "7506122599", 
        "photo": "documents/2014/01/20/picture004_2_1.jpg", 
        "skill": [], 
        "is_active": true, 
        "ldap_username": "130070014", 
        "last_login": "2014-01-20T18:19:44Z", 
        "year": 1, 
        "department": 2, 
        "is_admin": false, 
        "cropping": "30,21,541,701", 
        "password": "pbkdf2_sha256$10000$pODca182qKJd$QE6rEbwZ05ty+LWKp5l9aVRhXAUrmA2Izsak2e2Zdyg=", 
        "alternate_email": "ayushshringi1995@gmail.com", 
        "email": "130070014@iitb.ac.in", 
        "hostel": 15
    }
},
{
    "pk": 122, 
    "model": "signup.user", 
    "fields": {
        "first_name": "SNIGDH", 
        "last_name": "AMAN", 
        "room": "A-1014", 
        "rollno": "130040079", 
        "mobile": "7506134780", 
        "photo": "", 
        "skill": [], 
        "is_active": true, 
        "ldap_username": "130040079", 
        "last_login": "2014-01-20T13:05:59Z", 
        "year": 1, 
        "department": 15, 
        "is_admin": false, 
        "cropping": "", 
        "password": "pbkdf2_sha256$10000$kGwAZh4bbBqv$CI68eFZvcumba+RcQY+fT2nM41U6Vr8Lr9gPbzLtjZU=", 
        "alternate_email": "amansnigdh@gmail.com", 
        "email": "130040079@iitb.ac.in", 
        "hostel": 15
    }
},
{
    "pk": 123, 
    "model": "signup.user", 
    "fields": {
        "first_name": "NITHIN", 
        "last_name": "M", 
        "room": "705", 
        "rollno": "13D070058", 
        "mobile": "7506110736", 
        "photo": "", 
        "skill": [], 
        "is_active": true, 
        "ldap_username": "13d070058", 
        "last_login": "2014-01-20T13:42:00Z", 
        "year": 1, 
        "department": 2, 
        "is_admin": false, 
        "cropping": "", 
        "password": "pbkdf2_sha256$10000$LlsTYRBJC4TP$Alr+c8XrUP0JkaUZKnNqBO6D7yxdNWaAF0F3Z4aTXSk=", 
        "alternate_email": "imnmfotmal@gmail.com", 
        "email": "13d070058@iitb.ac.in", 
        "hostel": 15
    }
},
{
    "pk": 124, 
    "model": "signup.user", 
    "fields": {
        "first_name": "M SURIYA", 
        "last_name": "KUMAR", 
        "room": "1002", 
        "rollno": "130010024", 
        "mobile": "7506122728", 
        "photo": "", 
        "skill": [], 
        "is_active": true, 
        "ldap_username": "suriya", 
        "last_login": "2014-01-25T05:24:41Z", 
        "year": 1, 
        "department": 3, 
        "is_admin": false, 
        "cropping": "", 
        "password": "pbkdf2_sha256$10000$0SS8cNGyQ2ya$ivdSBUbzyDiTSpt9sdfpIG0IJU7eqRQAwmuylxjKKjM=", 
        "alternate_email": "msuriyak.2495@gmail.com", 
        "email": "suriya@iitb.ac.in", 
        "hostel": 15
    }
},
{
    "pk": 125, 
    "model": "signup.user", 
    "fields": {
        "first_name": "RAUNAK", 
        "last_name": "SURYAVANSHI", 
        "room": "A 1005", 
        "rollno": "130070024", 
        "mobile": "7506122675", 
        "photo": "", 
        "skill": [], 
        "is_active": true, 
        "ldap_username": "130070024", 
        "last_login": "2014-01-20T18:24:22Z", 
        "year": 1, 
        "department": 2, 
        "is_admin": false, 
        "cropping": "", 
        "password": "pbkdf2_sha256$10000$rsiJvvC2Ku24$b2MjJj7eaL34B2zfKnETLnPsZ/NsE5XzzO+cL/nFfDM=", 
        "alternate_email": "raunak161995@gmail.com", 
        "email": "130070024@iitb.ac.in", 
        "hostel": 15
    }
},
{
    "pk": 126, 
    "model": "signup.user", 
    "fields": {
        "first_name": "ABHAS", 
        "last_name": "SINHA", 
        "room": "334", 
        "rollno": "13D260009", 
        "mobile": "9967302941", 
        "photo": "", 
        "skill": [], 
        "is_active": true, 
        "ldap_username": "13d260009", 
        "last_login": "2014-01-20T14:53:37Z", 
        "year": 1, 
        "department": 11, 
        "is_admin": false, 
        "cropping": "", 
        "password": "pbkdf2_sha256$10000$VOMDXeoN2G6u$nqs6Pwue4j1sCDZgSaKVbVyBvDfpMDkBsK25vaRq53c=", 
        "alternate_email": "abhas11007@gmail.com", 
        "email": "13d260009@iitb.ac.in", 
        "hostel": 4
    }
},
{
    "pk": 127, 
    "model": "signup.user", 
    "fields": {
        "first_name": "KALPESH MOHAN", 
        "last_name": "PARIHAR", 
        "room": "1006", 
        "rollno": "130070021", 
        "mobile": "9967335307", 
        "photo": "documents/2014/01/20/photo_00024.jpg", 
        "skill": [
            2
        ], 
        "is_active": true, 
        "ldap_username": "130070021", 
        "last_login": "2014-01-20T18:26:34Z", 
        "year": 1, 
        "department": 2, 
        "is_admin": false, 
        "cropping": "371,0,912,720", 
        "password": "pbkdf2_sha256$10000$2nQwl0xtA1KP$bcn3njoT6VUk03YaimNgb5Mv1B4ztc21FtDf0foZVsM=", 
        "alternate_email": "kalpesh6295@gmail.com", 
        "email": "130070021@iitb.ac.in", 
        "hostel": 15
    }
},
{
    "pk": 128, 
    "model": "signup.user", 
    "fields": {
        "first_name": "SOHAN", 
        "last_name": "LAL", 
        "room": "A601", 
        "rollno": "13D070031", 
        "mobile": "7506134393", 
        "photo": "", 
        "skill": [], 
        "is_active": false, 
        "ldap_username": "13D070031", 
        "last_login": "2014-01-20T16:55:54Z", 
        "year": 1, 
        "department": 2, 
        "is_admin": false, 
        "cropping": "", 
        "password": "pbkdf2_sha256$10000$AsSBGoG0Sjpp$6sI1+5/uamzuxI1i8Dp8js9JtjnuOrMdrV5rApYbnF0=", 
        "alternate_email": null, 
        "email": "13D070031@iitb.ac.in", 
        "hostel": 15
    }
},
{
    "pk": 129, 
    "model": "signup.user", 
    "fields": {
        "first_name": "ROHIT RAJENDRA", 
        "last_name": "ROTHE", 
        "room": "A711", 
        "rollno": "13D070013", 
        "mobile": "9404541730", 
        "photo": "", 
        "skill": [], 
        "is_active": true, 
        "ldap_username": "13d070013", 
        "last_login": "2014-01-20T17:42:12Z", 
        "year": 1, 
        "department": 2, 
        "is_admin": false, 
        "cropping": "", 
        "password": "pbkdf2_sha256$10000$hZA5LsWKrWMD$GTI0xrVQOSDNZh4PmMalpuppcJmNMbHxkhBePCzPr5M=", 
        "alternate_email": "rohitrr95@gmail.com", 
        "email": "13d070013@iitb.ac.in", 
        "hostel": 15
    }
},
{
    "pk": 130, 
    "model": "signup.user", 
    "fields": {
        "first_name": "RISHABH", 
        "last_name": "MALVIYA", 
        "room": "339", 
        "rollno": "130260011", 
        "mobile": "9967307487", 
        "photo": "", 
        "skill": [], 
        "is_active": true, 
        "ldap_username": "130260011", 
        "last_login": "2014-01-20T17:48:51Z", 
        "year": 1, 
        "department": 11, 
        "is_admin": false, 
        "cropping": "", 
        "password": "pbkdf2_sha256$10000$wzAByLCSifuf$46jgKw4Ir74MUs0YdKdL9GiMKex/hMWLigJvULOL5DA=", 
        "alternate_email": "rishabh.malviya@gmail.com", 
        "email": "130260011@iitb.ac.in", 
        "hostel": 4
    }
},
{
    "pk": 131, 
    "model": "signup.user", 
    "fields": {
        "first_name": "BHAT ASHWIN", 
        "last_name": "RAJENDRA", 
        "room": "A-712", 
        "rollno": "13D070006", 
        "mobile": "9004366693", 
        "photo": "", 
        "skill": [], 
        "is_active": true, 
        "ldap_username": "13D070006", 
        "last_login": "2014-01-20T17:37:25Z", 
        "year": 1, 
        "department": 2, 
        "is_admin": false, 
        "cropping": "", 
        "password": "pbkdf2_sha256$10000$RwzYFskemKH3$ktivsv9bz6smtVwn506alQjoshD+0zu4zH9E4gurmIc=", 
        "alternate_email": "ashwinbhat111095@gmail.com", 
        "email": "13D070006@iitb.ac.in", 
        "hostel": 15
    }
},
{
    "pk": 132, 
    "model": "signup.user", 
    "fields": {
        "first_name": "ANAND", 
        "last_name": "KALVIT", 
        "room": "281", 
        "rollno": "12D070032", 
        "mobile": "9769493468", 
        "photo": "", 
        "skill": [], 
        "is_active": true, 
        "ldap_username": "anand.kalvit", 
        "last_login": "2014-01-20T17:58:34Z", 
        "year": 2, 
        "department": 2, 
        "is_admin": false, 
        "cropping": "", 
        "password": "pbkdf2_sha256$10000$2CTAPgIcUxVE$lL54rJrW3BQY6/sXfqcBsvt1xT/cJMThnIJoxHKfOiU=", 
        "alternate_email": "anandiitb12@gmail.com", 
        "email": "anand.kalvit@iitb.ac.in", 
        "hostel": 9
    }
},
{
    "pk": 133, 
    "model": "signup.user", 
    "fields": {
        "first_name": "PINGALE VARAD", 
        "last_name": "MANOHAR", 
        "room": "A 204", 
        "rollno": "130070012", 
        "mobile": "8600215222", 
        "photo": "", 
        "skill": [], 
        "is_active": false, 
        "ldap_username": "130070012", 
        "last_login": "2014-01-20T17:57:11Z", 
        "year": 1, 
        "department": 2, 
        "is_admin": false, 
        "cropping": "", 
        "password": "pbkdf2_sha256$10000$nT0CLDVt0aaP$mxtLr9nQmHRwXMaxB/B5U8L0hclotP1kd3MxIHrnEWY=", 
        "alternate_email": "varadpingale101@gmail.com", 
        "email": "130070012@iitb.ac.in", 
        "hostel": 15
    }
},
{
    "pk": 134, 
    "model": "signup.user", 
    "fields": {
        "first_name": "UTKARSH", 
        "last_name": "SHARMA", 
        "room": "A 1004", 
        "rollno": "130070032", 
        "mobile": "7506134682", 
        "photo": "", 
        "skill": [], 
        "is_active": true, 
        "ldap_username": "130070032", 
        "last_login": "2014-01-22T15:44:14Z", 
        "year": 1, 
        "department": 2, 
        "is_admin": false, 
        "cropping": "", 
        "password": "pbkdf2_sha256$10000$aE2MuRq4kidz$8oc5XyYyjGlNkU47zL3kf1l9Xn4OuFrPeGLMB0a0/YQ=", 
        "alternate_email": "sharma.utkarsh@gmail.com", 
        "email": "130070032@iitb.ac.in", 
        "hostel": 15
    }
},
{
    "pk": 135, 
    "model": "signup.user", 
    "fields": {
        "first_name": "AKHIL", 
        "last_name": "VALSALAN", 
        "room": "B-910", 
        "rollno": "131030007", 
        "mobile": "8976627123", 
        "photo": "", 
        "skill": [], 
        "is_active": true, 
        "ldap_username": "131030007", 
        "last_login": "2014-01-20T18:07:03Z", 
        "year": 1, 
        "department": 6, 
        "is_admin": false, 
        "cropping": "", 
        "password": "pbkdf2_sha256$10000$xWhLnAm4GKTg$WjlUW3Q5Rv2KcBfIr5CWJdUmuuQEiLdj6Rya+bdUW4k=", 
        "alternate_email": "bmxisinmyblood@gmail.com", 
        "email": "131030007@iitb.ac.in", 
        "hostel": 15
    }
},
{
    "pk": 136, 
    "model": "signup.user", 
    "fields": {
        "first_name": "IYER SURYA", 
        "last_name": "RAJARAMAN", 
        "room": "a1006", 
        "rollno": "130070004", 
        "mobile": "9967352186", 
        "photo": "", 
        "skill": [], 
        "is_active": true, 
        "ldap_username": "130070004", 
        "last_login": "2014-01-20T18:22:08Z", 
        "year": 1, 
        "department": 2, 
        "is_admin": false, 
        "cropping": "", 
        "password": "pbkdf2_sha256$10000$mOvKXZSy1GlF$aAaAMIedQ7mrX9ddLisMrFndEzcRviEDy+OuNlbTLUg=", 
        "alternate_email": "suryaiyer95@gmail.com", 
        "email": "130070004@iitb.ac.in", 
        "hostel": 15
    }
},
{
    "pk": 137, 
    "model": "signup.user", 
    "fields": {
        "first_name": "GANDHI", 
        "last_name": "AKHILESH", 
        "room": "B-108", 
        "rollno": "130020036", 
        "mobile": "8087618335", 
        "photo": "", 
        "skill": [], 
        "is_active": true, 
        "ldap_username": "130020036", 
        "last_login": "2014-01-21T05:53:37Z", 
        "year": 1, 
        "department": 5, 
        "is_admin": false, 
        "cropping": "", 
        "password": "pbkdf2_sha256$10000$aiwtZo2w3blT$hCfZF0EIqcx/j8/bByLHgA0eOIVwBY7aLfIs2gFQZAk=", 
        "alternate_email": "akhilesh2295@gmail.com", 
        "email": "130020036@iitb.ac.in", 
        "hostel": 15
    }
},
{
    "pk": 138, 
    "model": "signup.user", 
    "fields": {
        "first_name": "Yash Chetan", 
        "last_name": "Sanghvi", 
        "room": "A707", 
        "rollno": "13D170003", 
        "mobile": "", 
        "photo": "", 
        "skill": [], 
        "is_active": true, 
        "ldap_username": "13D170003", 
        "last_login": "2014-01-20T19:34:53Z", 
        "year": 1, 
        "department": 8, 
        "is_admin": false, 
        "cropping": "", 
        "password": "pbkdf2_sha256$10000$YXYy7cfIzWo7$Sx5OKIMBXz9DZz3xcxhHbR1GK4Y8wON/Qn4RULkrrDE=", 
        "alternate_email": "sanghviyash7@gmail.com", 
        "email": "13D170003@iitb.ac.in", 
        "hostel": 15
    }
},
{
    "pk": 139, 
    "model": "signup.user", 
    "fields": {
        "first_name": "YASH", 
        "last_name": "KAMDAR", 
        "room": "110", 
        "rollno": "130100050", 
        "mobile": "9167995507", 
        "photo": "", 
        "skill": [], 
        "is_active": true, 
        "ldap_username": "130100050", 
        "last_login": "2014-01-20T19:48:17Z", 
        "year": 1, 
        "department": 14, 
        "is_admin": false, 
        "cropping": "", 
        "password": "pbkdf2_sha256$10000$dfduyKAgfyQo$HFyL3P5+QSJQRRU1wL5io1SVsunKnQJkKGqAcFAmu+8=", 
        "alternate_email": "yashkamdar14@gmail.com", 
        "email": "130100050@iitb.ac.in", 
        "hostel": 15
    }
},
{
    "pk": 140, 
    "model": "signup.user", 
    "fields": {
        "first_name": "NEHAL DILIP", 
        "last_name": "DOIPHODE", 
        "room": "217", 
        "rollno": "13D070009", 
        "mobile": "", 
        "photo": "", 
        "skill": [], 
        "is_active": true, 
        "ldap_username": "13d070009", 
        "last_login": "2014-01-21T15:34:42Z", 
        "year": 1, 
        "department": 2, 
        "is_admin": false, 
        "cropping": "", 
        "password": "pbkdf2_sha256$10000$SbiaUM7xd9kL$EyMXdhbxUgP6leSGgjz7HP4NBxVhesnm8mP6jSOruy4=", 
        "alternate_email": null, 
        "email": "13d070009@iitb.ac.in", 
        "hostel": 15
    }
},
{
    "pk": 141, 
    "model": "signup.user", 
    "fields": {
        "first_name": "ANANT", 
        "last_name": "JAIKRAY", 
        "room": "326", 
        "rollno": "12D070020", 
        "mobile": "9664324691", 
        "photo": "", 
        "skill": [], 
        "is_active": true, 
        "ldap_username": "jaikray.anant", 
        "last_login": "2014-01-21T00:33:42Z", 
        "year": 2, 
        "department": 2, 
        "is_admin": false, 
        "cropping": "", 
        "password": "pbkdf2_sha256$10000$g7AqsMnD7PXt$/s2QbtS16gYyfSZYoZeh4BQF2eQ2EuXYZOcMmNCfq3g=", 
        "alternate_email": "jaikray.anant@gmail.com", 
        "email": "jaikray.anant@iitb.ac.in", 
        "hostel": 9
    }
},
{
    "pk": 142, 
    "model": "signup.user", 
    "fields": {
        "first_name": "NITHIN VENKATESH", 
        "last_name": "VASISTH", 
        "room": "A-505", 
        "rollno": "130100013", 
        "mobile": "8097160250", 
        "photo": "", 
        "skill": [], 
        "is_active": true, 
        "ldap_username": "130100013", 
        "last_login": "2014-01-21T04:21:39Z", 
        "year": 1, 
        "department": 14, 
        "is_admin": false, 
        "cropping": "", 
        "password": "pbkdf2_sha256$10000$a7eeEiwiVlxU$f2qqM8rbn3IZTrBZNXHrUU2rxkmNmZ6PKgN2sY7kETM=", 
        "alternate_email": "nithin127vasisth@gmail.com", 
        "email": "130100013@iitb.ac.in", 
        "hostel": 15
    }
},
{
    "pk": 143, 
    "model": "signup.user", 
    "fields": {
        "first_name": "Bikram Pratap", 
        "last_name": "Banerjee", 
        "room": "006-B", 
        "rollno": "134060011", 
        "mobile": "9045552747", 
        "photo": "documents/2014/01/21/me.jpg", 
        "skill": [
            2, 
            3, 
            12, 
            13, 
            14, 
            17, 
            22, 
            24, 
            27, 
            29, 
            35, 
            36, 
            46
        ], 
        "is_active": true, 
        "ldap_username": "134060011", 
        "last_login": "2014-01-21T06:12:32Z", 
        "year": 8, 
        "department": 7, 
        "is_admin": false, 
        "cropping": "0,15,338,466", 
        "password": "pbkdf2_sha256$10000$k6DjN12kcHZS$JO256Kis9qGww+OPECKK9uCY5un+yXWPnlBGaJKa3L0=", 
        "alternate_email": "bikram8891@gmail.com", 
        "email": "134060011@iitb.ac.in", 
        "hostel": 12
    }
},
{
    "pk": 144, 
    "model": "signup.user", 
    "fields": {
        "first_name": "NIHAR", 
        "last_name": "MEHTA", 
        "room": "A416", 
        "rollno": "13D100011", 
        "mobile": "9769975521", 
        "photo": "", 
        "skill": [], 
        "is_active": true, 
        "ldap_username": "13d100011", 
        "last_login": "2014-01-21T09:08:51Z", 
        "year": 1, 
        "department": 14, 
        "is_admin": false, 
        "cropping": "", 
        "password": "pbkdf2_sha256$10000$fhSQ7kCh6eJw$BIMNRFoQYgh5IsiLLdRXQ9vP9oewjXMzDuolG5UWtQw=", 
        "alternate_email": "niharmehta79@gmail.com", 
        "email": "13d100011@iitb.ac.in", 
        "hostel": 15
    }
},
{
    "pk": 145, 
    "model": "signup.user", 
    "fields": {
        "first_name": "DEEPAK", 
        "last_name": "GOYADI", 
        "room": "A 618", 
        "rollno": "130070018", 
        "mobile": "9967687636", 
        "photo": "", 
        "skill": [], 
        "is_active": true, 
        "ldap_username": "130070018", 
        "last_login": "2014-01-21T11:51:42Z", 
        "year": 1, 
        "department": 2, 
        "is_admin": false, 
        "cropping": "", 
        "password": "pbkdf2_sha256$10000$O46KLZfKmmZq$b7nQvNtnGPWM58XThXtTGGzO4SZPmcR72b5ZePDVLoE=", 
        "alternate_email": "deepakgoyadi@gmail.com", 
        "email": "130070018@iitb.ac.in", 
        "hostel": 15
    }
},
{
    "pk": 146, 
    "model": "signup.user", 
    "fields": {
        "first_name": "KEDAR", 
        "last_name": "JOSHI", 
        "room": "A 506", 
        "rollno": "130100019", 
        "mobile": "9819097671", 
        "photo": "", 
        "skill": [], 
        "is_active": true, 
        "ldap_username": "130100019", 
        "last_login": "2014-01-21T12:10:34Z", 
        "year": 1, 
        "department": 14, 
        "is_admin": false, 
        "cropping": "", 
        "password": "pbkdf2_sha256$10000$FChwiYHILur4$lurRrgTTs0vNTi8M52AzJqOObRcV7Pdjx79lpr5mDDY=", 
        "alternate_email": "kedarjoshi7777@gmail.com", 
        "email": "130100019@iitb.ac.in", 
        "hostel": 15
    }
},
{
    "pk": 147, 
    "model": "signup.user", 
    "fields": {
        "first_name": "HIMANSHU", 
        "last_name": "MANGAL", 
        "room": "1009", 
        "rollno": "130040032", 
        "mobile": "9967340731", 
        "photo": "documents/2014/01/21/IMG_20131125_160806.JPG", 
        "skill": [], 
        "is_active": true, 
        "ldap_username": "himanshumangal", 
        "last_login": "2014-01-21T19:39:32Z", 
        "year": 1, 
        "department": 15, 
        "is_admin": false, 
        "cropping": "0,0,960,1280", 
        "password": "pbkdf2_sha256$10000$rNpCc7G4vXT9$Pay79w+IaQZAkUU63Gto4hj0y1DQktsrmEhgaUzgWOY=", 
        "alternate_email": "itsmangal4@gmail.com", 
        "email": "himanshumangal@iitb.ac.in", 
        "hostel": 15
    }
},
{
    "pk": 148, 
    "model": "signup.user", 
    "fields": {
        "first_name": "KARTIK", 
        "last_name": "REWAR", 
        "room": "A002", 
        "rollno": "110020021", 
        "mobile": "8879471952", 
        "photo": "", 
        "skill": [], 
        "is_active": true, 
        "ldap_username": "kartik.raj", 
        "last_login": "2014-01-21T15:21:53Z", 
        "year": 3, 
        "department": 5, 
        "is_admin": false, 
        "cropping": "", 
        "password": "pbkdf2_sha256$10000$6y6TGQZIvz0m$H/g/2b3YGF1JJZO8KnEALBHxXetKfEeIhL8SwWrudvc=", 
        "alternate_email": "rajtech93rocks@gmail.com", 
        "email": "kartik.raj@iitb.ac.in", 
        "hostel": 13
    }
},
{
    "pk": 149, 
    "model": "signup.user", 
    "fields": {
        "first_name": "NAMBIAR ABHISHEK", 
        "last_name": "SHIVADAS", 
        "room": "B 511", 
        "rollno": "130040013", 
        "mobile": "", 
        "photo": "", 
        "skill": [], 
        "is_active": true, 
        "ldap_username": "130040013", 
        "last_login": "2014-01-21T17:39:51Z", 
        "year": 1, 
        "department": 15, 
        "is_admin": false, 
        "cropping": "", 
        "password": "pbkdf2_sha256$10000$cpJEH8sAXHdB$BwqGqaoYvt+bSNFkTDayFUs4N50Syp7x/YRCxUBG7Bs=", 
        "alternate_email": null, 
        "email": "130040013@iitb.ac.in", 
        "hostel": 15
    }
},
{
    "pk": 150, 
    "model": "signup.user", 
    "fields": {
        "first_name": "AKSHAY", 
        "last_name": "PARMAR", 
        "room": "151", 
        "rollno": "12D100026", 
        "mobile": "9930087467", 
        "photo": "", 
        "skill": [], 
        "is_active": true, 
        "ldap_username": "12d100026", 
        "last_login": "2014-01-21T18:32:45Z", 
        "year": 2, 
        "department": 14, 
        "is_admin": false, 
        "cropping": "", 
        "password": "pbkdf2_sha256$10000$bzQV2DMOKL7t$57Xf4Kuq2/oi8xKiZ5SFqN3PwNq3hPu7ZWV2lMllN9s=", 
        "alternate_email": "aksh2012@gmail.com", 
        "email": "12d100026@iitb.ac.in", 
        "hostel": 6
    }
},
{
    "pk": 151, 
    "model": "signup.user", 
    "fields": {
        "first_name": "YUVRAJ SINGH", 
        "last_name": "THIND", 
        "room": "A215", 
        "rollno": "130070059", 
        "mobile": "7506080360", 
        "photo": "", 
        "skill": [], 
        "is_active": true, 
        "ldap_username": "130070059", 
        "last_login": "2014-01-21T18:56:52Z", 
        "year": 1, 
        "department": 2, 
        "is_admin": false, 
        "cropping": "", 
        "password": "pbkdf2_sha256$10000$FfnfxKaMKYFE$iMqXBnHnK2ngNQJLFByGBZYI727W2L4i0FH1PyLDqlE=", 
        "alternate_email": "thindyuvraj95@gmail.com", 
        "email": "130070059@iitb.ac.in", 
        "hostel": 15
    }
},
{
    "pk": 152, 
    "model": "signup.user", 
    "fields": {
        "first_name": "DEVEN", 
        "last_name": "MEHRA", 
        "room": "1009", 
        "rollno": "130040033", 
        "mobile": "7506134782", 
        "photo": "", 
        "skill": [], 
        "is_active": true, 
        "ldap_username": "130040033", 
        "last_login": "2014-01-21T19:38:28Z", 
        "year": 1, 
        "department": 15, 
        "is_admin": false, 
        "cropping": "", 
        "password": "pbkdf2_sha256$10000$7TrK0cbUHeKY$PbbzGhQ4JaPNCLtZLZU7ZARDPq2/PRJ8ZpfR2pj6W4U=", 
        "alternate_email": "devenmehra32@gmail.com", 
        "email": "130040033@iitb.ac.in", 
        "hostel": 15
    }
},
{
    "pk": 153, 
    "model": "signup.user", 
    "fields": {
        "first_name": "ATRE RUTURAJ", 
        "last_name": "GIRISH", 
        "room": "121", 
        "rollno": "11D070044", 
        "mobile": "9922902964", 
        "photo": "", 
        "skill": [], 
        "is_active": true, 
        "ldap_username": "ruturaj.atre", 
        "last_login": "2014-01-21T20:07:29Z", 
        "year": 3, 
        "department": 2, 
        "is_admin": false, 
        "cropping": "", 
        "password": "pbkdf2_sha256$10000$ztnbRuBGLs1h$XrGNM/W4hAWRALfzKosDy2zPr1tp1KBH6qbgBDeb5q4=", 
        "alternate_email": "ruturaj.atre@gmail.com", 
        "email": "ruturaj.atre@iitb.ac.in", 
        "hostel": 8
    }
},
{
    "pk": 154, 
    "model": "signup.user", 
    "fields": {
        "first_name": "RISHABH GODWIN", 
        "last_name": "SALGIA", 
        "room": "516", 
        "rollno": "130040021", 
        "mobile": "9768157049", 
        "photo": "", 
        "skill": [], 
        "is_active": false, 
        "ldap_username": "130040021", 
        "last_login": "2014-01-21T21:50:39Z", 
        "year": 1, 
        "department": 15, 
        "is_admin": false, 
        "cropping": "", 
        "password": "pbkdf2_sha256$10000$oMR5UE6e7GTN$6G56vpWxNYbOk1HxcS5Dke9aiuPyO+w7g5TLarOEQfA=", 
        "alternate_email": "r.salgia25@gmail.com", 
        "email": "130040021@iitb.ac.in", 
        "hostel": 15
    }
},
{
    "pk": 155, 
    "model": "signup.user", 
    "fields": {
        "first_name": "OMKAR", 
        "last_name": "DIGE", 
        "room": "A-916", 
        "rollno": "13D100012", 
        "mobile": "9930816395", 
        "photo": "", 
        "skill": [], 
        "is_active": true, 
        "ldap_username": "omkardige", 
        "last_login": "2014-01-22T03:54:50Z", 
        "year": 1, 
        "department": 14, 
        "is_admin": false, 
        "cropping": "", 
        "password": "pbkdf2_sha256$10000$zkpccqfTU682$+ckRbrigaaYTDBoTcvb5ho2JyFnLsGz5q347GG4aMWw=", 
        "alternate_email": "oyedige@gmail.com", 
        "email": "omkardige@iitb.ac.in", 
        "hostel": 15
    }
},
{
    "pk": 156, 
    "model": "signup.user", 
    "fields": {
        "first_name": "CHARVI", 
        "last_name": "RASTOGI", 
        "room": "C-112", 
        "rollno": "13D100018", 
        "mobile": "9923449361", 
        "photo": "", 
        "skill": [], 
        "is_active": true, 
        "ldap_username": "13d100018", 
        "last_login": "2014-01-22T04:45:29Z", 
        "year": 1, 
        "department": 14, 
        "is_admin": false, 
        "cropping": "", 
        "password": "pbkdf2_sha256$10000$wiwpArfnvn1h$3m0PTqj2TnP6yP/Q1lhkJnt4Hydh83N4/HRGdspzvgI=", 
        "alternate_email": "rastogicharvi@gmail.com", 
        "email": "13d100018@iitb.ac.in", 
        "hostel": 15
    }
},
{
    "pk": 157, 
    "model": "signup.user", 
    "fields": {
        "first_name": "Arun Vasudevan", 
        "last_name": "Nair", 
        "room": "111", 
        "rollno": "P14020", 
        "mobile": "8879927935", 
        "photo": "", 
        "skill": [], 
        "is_active": true, 
        "ldap_username": "p14020", 
        "last_login": "2014-01-22T12:28:04Z", 
        "year": 4, 
        "department": 14, 
        "is_admin": false, 
        "cropping": "", 
        "password": "pbkdf2_sha256$10000$MnZbiBw15uyN$AOwdlZuEf/epbvta7JouK+FxwCZgr+tPddJV+cANYCg=", 
        "alternate_email": "iitunniest@gmail.com", 
        "email": "p14020@iitb.ac.in", 
        "hostel": 1
    }
},
{
    "pk": 158, 
    "model": "signup.user", 
    "fields": {
        "first_name": "HIMANSHU ", 
        "last_name": "KAMBLE", 
        "room": "33", 
        "rollno": "120100021", 
        "mobile": "7738449657", 
        "photo": "", 
        "skill": [], 
        "is_active": true, 
        "ldap_username": "himanshu.kamble", 
        "last_login": "2014-01-22T12:51:47Z", 
        "year": 2, 
        "department": 14, 
        "is_admin": false, 
        "cropping": "", 
        "password": "pbkdf2_sha256$10000$Y7aYHouEKEAR$Gz2rax8Hob8XxArtLziARgcET3eV+HljmeSZ8GnHq4s=", 
        "alternate_email": "phoenixwhsk@gmail.com", 
        "email": "himanshu.kamble@iitb.ac.in", 
        "hostel": 4
    }
},
{
    "pk": 159, 
    "model": "signup.user", 
    "fields": {
        "first_name": "TITTO", 
        "last_name": "THOMAS", 
        "room": "35", 
        "rollno": "133079015", 
        "mobile": "9920890459", 
        "photo": "documents/2014/01/23/551205_10201657861481284_1554952743_n.jpg", 
        "skill": [
            3, 
            10, 
            23, 
            31, 
            33, 
            34, 
            37, 
            38, 
            39, 
            49
        ], 
        "is_active": true, 
        "ldap_username": "tittothomas", 
        "last_login": "2014-01-23T14:14:56Z", 
        "year": 6, 
        "department": 2, 
        "is_admin": false, 
        "cropping": "15,0,256,321", 
        "password": "pbkdf2_sha256$10000$zaNlfmZG5VGk$TL+kOIrOvlJmhKLqGsMfBUhs2JcqnR54Uh0Cz07sp2E=", 
        "alternate_email": "tittoambadan@gmail.com", 
        "email": "tittothomas@iitb.ac.in", 
        "hostel": 6
    }
},
{
    "pk": 160, 
    "model": "signup.user", 
    "fields": {
        "first_name": "Mr. Abhishek", 
        "last_name": "Chakraborty", 
        "room": "20", 
        "rollno": "136330004", 
        "mobile": "7506112085", 
        "photo": "documents/2014/01/24/Beat.jpg", 
        "skill": [
            23, 
            33, 
            35, 
            37, 
            38, 
            41, 
            47, 
            49
        ], 
        "is_active": true, 
        "ldap_username": "abhishek.chakraborty", 
        "last_login": "2014-01-26T14:01:44Z", 
        "year": 6, 
        "department": 10, 
        "is_admin": false, 
        "cropping": "8,0,593,781", 
        "password": "pbkdf2_sha256$10000$5mEuFTozeEh0$Waw2mxbtzgmqBCSOyhN349vYuNZUbO81/KjzigVOQ7U=", 
        "alternate_email": "abhishek.mech011@gmail.com", 
        "email": "abhishek.chakraborty@iitb.ac.in", 
        "hostel": 7
    }
},
{
    "pk": 161, 
    "model": "signup.user", 
    "fields": {
        "first_name": "PRAGYA", 
        "last_name": "SHARMA", 
        "room": "c-215", 
        "rollno": "13D070048", 
        "mobile": "7506134669", 
        "photo": "", 
        "skill": [], 
        "is_active": true, 
        "ldap_username": "13d070048", 
        "last_login": "2014-01-24T07:55:37Z", 
        "year": 1, 
        "department": 2, 
        "is_admin": false, 
        "cropping": "", 
        "password": "pbkdf2_sha256$10000$mdQFYnIpEu9s$oL+eEuoubCigqsGrJSYJD1ndj9Dh6sdnlrqs1ZKdQyg=", 
        "alternate_email": "pragyasharma1995@gmail.com", 
        "email": "13d070048@iitb.ac.in", 
        "hostel": 15
    }
},
{
    "pk": 162, 
    "model": "signup.user", 
    "fields": {
        "first_name": "HARSHWARDHAN", 
        "last_name": "SINGH", 
        "room": "A/611", 
        "rollno": "13D170006", 
        "mobile": "9167393773", 
        "photo": "", 
        "skill": [], 
        "is_active": true, 
        "ldap_username": "harshwardhan.singh", 
        "last_login": "2014-01-24T14:02:32Z", 
        "year": 1, 
        "department": 8, 
        "is_admin": false, 
        "cropping": "", 
        "password": "pbkdf2_sha256$10000$OSHbyvH9NIzw$KtZhjA4VpOQULmIvfSv0tsvGWylv9J8/p7ny9+tBF24=", 
        "alternate_email": "harshwardhansingh1996@gmail.com", 
        "email": "harshwardhan.singh@iitb.ac.in", 
        "hostel": 15
    }
},
{
    "pk": 163, 
    "model": "signup.user", 
    "fields": {
        "first_name": "Mr. Tilak Deepak", 
        "last_name": "Roy", 
        "room": "18", 
        "rollno": "136390003", 
        "mobile": "9833129828", 
        "photo": "documents/2014/01/26/35877_411668548215_2090940_n.jpg", 
        "skill": [], 
        "is_active": true, 
        "ldap_username": "136390003", 
        "last_login": "2014-01-28T16:31:16Z", 
        "year": 6, 
        "department": 10, 
        "is_admin": false, 
        "cropping": "0,19,511,701", 
        "password": "pbkdf2_sha256$10000$UPspaIKI4phC$84DVcvfikgCV0xqKJrvdFqYZZ8QfPQca7UG0fF8ENjk=", 
        "alternate_email": "tilakdeepakroy@gmail.com", 
        "email": "136390003@iitb.ac.in", 
        "hostel": 7
    }
},
{
    "pk": 164, 
    "model": "signup.user", 
    "fields": {
        "first_name": "S", 
        "last_name": "OMSIRI", 
        "room": "312", 
        "rollno": "130010045", 
        "mobile": "7506143988", 
        "photo": "", 
        "skill": [
            34, 
            48
        ], 
        "is_active": true, 
        "ldap_username": "130010045", 
        "last_login": "2014-01-31T13:09:58Z", 
        "year": 1, 
        "department": 3, 
        "is_admin": false, 
        "cropping": "", 
        "password": "pbkdf2_sha256$10000$VTq6UVvbdzGp$RgIqw8WGhoF8u9E8qzCwrKKsUjqmViYE6yZ2t1h/gF4=", 
        "alternate_email": "siri.aeri@gmail.com", 
        "email": "130010045@iitb.ac.in", 
        "hostel": 15
    }
},
{
    "pk": 165, 
    "model": "signup.user", 
    "fields": {
        "first_name": "RAJ NAYAN", 
        "last_name": "DATTA", 
        "room": "B904", 
        "rollno": "131030020", 
        "mobile": "8419957397", 
        "photo": "", 
        "skill": [], 
        "is_active": true, 
        "ldap_username": "131030020", 
        "last_login": "2014-01-31T16:48:47Z", 
        "year": 1, 
        "department": 6, 
        "is_admin": false, 
        "cropping": "", 
        "password": "pbkdf2_sha256$10000$imMh00dNKcnt$7xN1Ykdm9CJahnlCiTR84nB1JkFNzJiWtANqIRMV5z0=", 
        "alternate_email": "rajnayandatta@gmail.com", 
        "email": "131030020@iitb.ac.in", 
        "hostel": 15
    }
},
{
    "pk": 166, 
    "model": "signup.user", 
    "fields": {
        "first_name": "Nishit", 
        "last_name": "Agrawal", 
        "room": "351", 
        "rollno": "120070013", 
        "mobile": "9167469281", 
        "photo": "", 
        "skill": [], 
        "is_active": true, 
        "ldap_username": "nishit", 
        "last_login": "2014-02-06T14:12:15Z", 
        "year": 2, 
        "department": 2, 
        "is_admin": false, 
        "cropping": "", 
        "password": "pbkdf2_sha256$10000$nWd6Hh1TYlrr$MVdA8IxaF2q5x3a+Zf1aM8nko+WSRbS/IDoB8c8OpSY=", 
        "alternate_email": "agnishit@gmail.com", 
        "email": "nishit@iitb.ac.in", 
        "hostel": 9
    }
},
{
    "pk": 167, 
    "model": "signup.user", 
    "fields": {
        "first_name": "Ninad Niranjan", 
        "last_name": "Shaha", 
        "room": "223", 
        "rollno": "13V972042", 
        "mobile": "9890901317", 
        "photo": "", 
        "skill": [], 
        "is_active": true, 
        "ldap_username": "13v972042", 
        "last_login": "2014-02-08T14:13:41Z", 
        "year": 1, 
        "department": 2, 
        "is_admin": false, 
        "cropping": "", 
        "password": "pbkdf2_sha256$10000$oJ4w3XTrh3ES$yDZtmzQs6LfjT2DRdE8DYMS8F3jqQHo8h+Xsgh3RggA=", 
        "alternate_email": "talktoninad@gmail.com", 
        "email": "13v972042@iitb.ac.in", 
        "hostel": 1
    }
},
{
    "pk": 168, 
    "model": "signup.user", 
    "fields": {
        "first_name": "ACHUTH P", 
        "last_name": "V", 
        "room": "47", 
        "rollno": "133079007", 
        "mobile": "7506112099", 
        "photo": "", 
        "skill": [], 
        "is_active": true, 
        "ldap_username": "achuthpv", 
        "last_login": "2014-02-08T18:55:29Z", 
        "year": 1, 
        "department": 2, 
        "is_admin": false, 
        "cropping": "", 
        "password": "pbkdf2_sha256$10000$vB4MeKUCCfus$SJiJatMq+Ro1bLJwvHuLTCoOj9YSNufJMdGInbsiBsI=", 
        "alternate_email": "achuthpv@gmail.com", 
        "email": "achuthpv@iitb.ac.in", 
        "hostel": 6
    }
},
{
    "pk": 169, 
    "model": "signup.user", 
    "fields": {
        "first_name": "Venkata Naga Kailash", 
        "last_name": "Anantha", 
        "room": "60", 
        "rollno": "133050011", 
        "mobile": "9967346925", 
        "photo": "documents/2014/02/09/As_on_21-03-2013_Large.JPG", 
        "skill": [], 
        "is_active": true, 
        "ldap_username": "133050011", 
        "last_login": "2014-02-09T13:33:01Z", 
        "year": 6, 
        "department": 1, 
        "is_admin": false, 
        "cropping": "", 
        "password": "pbkdf2_sha256$10000$MsyJiXKlwW1S$oDBLgdR6DmeHCXmBcCHsxa1iAqEozOoJHHXCDroeeKs=", 
        "alternate_email": "avnkailash@gmail.com", 
        "email": "133050011@iitb.ac.in", 
        "hostel": 5
    }
},
{
    "pk": 170, 
    "model": "signup.user", 
    "fields": {
        "first_name": "SWETAPADMA", 
        "last_name": "SAHOO", 
        "room": "101", 
        "rollno": "13D070052", 
        "mobile": "9930046291", 
        "photo": "", 
        "skill": [], 
        "is_active": true, 
        "ldap_username": "13d070052", 
        "last_login": "2014-02-10T06:40:25Z", 
        "year": 1, 
        "department": 2, 
        "is_admin": false, 
        "cropping": "", 
        "password": "pbkdf2_sha256$10000$d6ovIgD6dbRy$UsWbTpSCiBljjfA5OgqjuqqsBrL3/W3crGwz0wQEnwU=", 
        "alternate_email": "swetapadma1@gmail.com", 
        "email": "13d070052@iitb.ac.in", 
        "hostel": 15
    }
},
{
    "pk": 171, 
    "model": "signup.user", 
    "fields": {
        "first_name": "Onkar", 
        "last_name": "Desai", 
        "room": "51", 
        "rollno": "133079025", 
        "mobile": "9821007071", 
        "photo": "", 
        "skill": [], 
        "is_active": true, 
        "ldap_username": "133079025", 
        "last_login": "2014-02-12T17:01:35Z", 
        "year": 6, 
        "department": 2, 
        "is_admin": false, 
        "cropping": "", 
        "password": "pbkdf2_sha256$10000$zA1MXV9MDfkT$ehhr+wWLc0QEsOzLz5lABTAN5BAk8zf7Im9ibOSrVKo=", 
        "alternate_email": "onkardesai30@gmail.com", 
        "email": "133079025@iitb.ac.in", 
        "hostel": 6
    }
},
{
    "pk": 172, 
    "model": "signup.user", 
    "fields": {
        "first_name": "Binil", 
        "last_name": "Jacob", 
        "room": "385", 
        "rollno": "133300001", 
        "mobile": "9892749248", 
        "photo": "", 
        "skill": [], 
        "is_active": true, 
        "ldap_username": "133300001", 
        "last_login": "2014-02-12T17:57:20Z", 
        "year": 1, 
        "department": 4, 
        "is_admin": false, 
        "cropping": "", 
        "password": "pbkdf2_sha256$10000$DuKY4qoVwAq4$Jfd2s8TP2gD/usMqO6BnfddDMp0n9y/Ra5QA4ksdQEk=", 
        "alternate_email": "binilj04@gmail.com", 
        "email": "133300001@iitb.ac.in", 
        "hostel": 3
    }
},
{
    "pk": 173, 
    "model": "signup.user", 
    "fields": {
        "first_name": "Vysagh ", 
        "last_name": "TM", 
        "room": "51", 
        "rollno": "120260027", 
        "mobile": "9892763511", 
        "photo": "", 
        "skill": [], 
        "is_active": true, 
        "ldap_username": "vysagh", 
        "last_login": "2014-02-13T12:17:31Z", 
        "year": 2, 
        "department": 11, 
        "is_admin": false, 
        "cropping": "", 
        "password": "pbkdf2_sha256$10000$yWKnQCXRU7Qx$iS5viyocjnbQ9sN34J1Jgc2Lbik05IUTe9bip/908L4=", 
        "alternate_email": "vysagh20phy@gmail.com", 
        "email": "vysagh@iitb.ac.in", 
        "hostel": 2
    }
},
{
    "pk": 174, 
    "model": "signup.user", 
    "fields": {
        "first_name": "Satyakant", 
        "last_name": "Kantarao", 
        "room": "A-425", 
        "rollno": "07423001", 
        "mobile": "9969607620", 
        "photo": "", 
        "skill": [], 
        "is_active": true, 
        "ldap_username": "satyakant", 
        "last_login": "2014-02-14T15:29:46Z", 
        "year": 8, 
        "department": 13, 
        "is_admin": false, 
        "cropping": "", 
        "password": "pbkdf2_sha256$10000$KepBHE60b7Z5$ViSwbX3H4cmAmWa+kejRVGPC4yjCUE9NRCjTXNadYt8=", 
        "alternate_email": "satyaintj@gmail.com", 
        "email": "satyakant@iitb.ac.in", 
        "hostel": 12
    }
},
{
    "pk": 5, 
    "model": "signup.registrationcode", 
    "fields": {
        "created_on": "2014-01-16T20:10:53Z", 
        "registration_code": "5147c1a8b42b1298d2d78f1c8862e77d9103c332", 
        "user": 24
    }
},
{
    "pk": 44, 
    "model": "signup.registrationcode", 
    "fields": {
        "created_on": "2014-01-19T10:05:53Z", 
        "registration_code": "35c5c4baff4aa3f57f44000102933c17ec2622df", 
        "user": 63
    }
},
{
    "pk": 55, 
    "model": "signup.registrationcode", 
    "fields": {
        "created_on": "2014-01-19T11:05:44Z", 
        "registration_code": "4e8f151b51ab790112f9a0c5b3258059e687f797", 
        "user": 74
    }
},
{
    "pk": 87, 
    "model": "signup.registrationcode", 
    "fields": {
        "created_on": "2014-01-19T20:01:53Z", 
        "registration_code": "081c7869980e51668ff1234d645907910843cca3", 
        "user": 107
    }
},
{
    "pk": 89, 
    "model": "signup.registrationcode", 
    "fields": {
        "created_on": "2014-01-20T00:19:01Z", 
        "registration_code": "e960ea137e0434598e44d1e9a6eab4564e4d17ed", 
        "user": 109
    }
},
{
    "pk": 98, 
    "model": "signup.registrationcode", 
    "fields": {
        "created_on": "2014-01-20T09:48:37Z", 
        "registration_code": "a5a4a9a93c8cdb5be0fd12d404abf20a4d261e2d", 
        "user": 118
    }
},
{
    "pk": 108, 
    "model": "signup.registrationcode", 
    "fields": {
        "created_on": "2014-01-20T16:55:54Z", 
        "registration_code": "c4b9e9edef4d6d73b63fef449980fbc8a3442121", 
        "user": 128
    }
},
{
    "pk": 113, 
    "model": "signup.registrationcode", 
    "fields": {
        "created_on": "2014-01-20T17:57:11Z", 
        "registration_code": "cd2b4f78154d20c7a7591ccf2adec8d0ae44bc4e", 
        "user": 133
    }
},
{
    "pk": 134, 
    "model": "signup.registrationcode", 
    "fields": {
        "created_on": "2014-01-21T21:50:39Z", 
        "registration_code": "012d11e87c8f110b401cb7936ecac59876a2c4d1", 
        "user": 154
    }
},
{
    "pk": 1, 
    "model": "signup.resetcode", 
    "fields": {
        "created_on": "2014-01-11T10:00:11Z", 
        "user": 3, 
        "reset_code": "eef156e49305e39b29442ca0c149c2f78026b83a"
    }
},
{
    "pk": 16, 
    "model": "signup.resetcode", 
    "fields": {
        "created_on": "2014-01-19T09:25:05Z", 
        "user": 57, 
        "reset_code": "0a25504a1aefa4ab04c74a29168c985c8020db7c"
    }
},
{
    "pk": 43, 
    "model": "signup.resetcode", 
    "fields": {
        "created_on": "2014-01-21T05:06:01Z", 
        "user": 139, 
        "reset_code": "3ae9f8e8fe687919d598997b2f958ff323b18431"
    }
},
{
    "pk": 45, 
    "model": "signup.resetcode", 
    "fields": {
        "created_on": "2014-01-21T19:19:42Z", 
        "user": 151, 
        "reset_code": "6b036b0b52039c81569c4fe5eebb376f0e82fdbf"
    }
},
{
    "pk": 1, 
    "model": "misc.department", 
    "fields": {
        "name": "Computer Science and Engineering", 
        "short_name": "CSE"
    }
},
{
    "pk": 2, 
    "model": "misc.department", 
    "fields": {
        "name": "Electrical Engineering", 
        "short_name": "EE"
    }
},
{
    "pk": 3, 
    "model": "misc.department", 
    "fields": {
        "name": "Aerospace engineering", 
        "short_name": "AERO"
    }
},
{
    "pk": 4, 
    "model": "misc.department", 
    "fields": {
        "name": "Biosciences and Bioengineering", 
        "short_name": "BIOS"
    }
},
{
    "pk": 5, 
    "model": "misc.department", 
    "fields": {
        "name": "Chemical Engineering", 
        "short_name": "CHE"
    }
},
{
    "pk": 6, 
    "model": "misc.department", 
    "fields": {
        "name": "Chemistry", 
        "short_name": "CHEM"
    }
},
{
    "pk": 7, 
    "model": "misc.department", 
    "fields": {
        "name": "Earth sciences", 
        "short_name": "GEOS"
    }
},
{
    "pk": 8, 
    "model": "misc.department", 
    "fields": {
        "name": "Energy sciences", 
        "short_name": "ES"
    }
},
{
    "pk": 9, 
    "model": "misc.department", 
    "fields": {
        "name": "Humanities and social science", 
        "short_name": "HSS"
    }
},
{
    "pk": 10, 
    "model": "misc.department", 
    "fields": {
        "name": "Industrial Design center", 
        "short_name": "IDC"
    }
},
{
    "pk": 11, 
    "model": "misc.department", 
    "fields": {
        "name": "Physics", 
        "short_name": "PHY"
    }
},
{
    "pk": 12, 
    "model": "misc.department", 
    "fields": {
        "name": "Metallurigical engineering", 
        "short_name": "MET"
    }
},
{
    "pk": 13, 
    "model": "misc.department", 
    "fields": {
        "name": "Other", 
        "short_name": "OTH"
    }
},
{
    "pk": 14, 
    "model": "misc.department", 
    "fields": {
        "name": "Mechanical engineering", 
        "short_name": "MECH"
    }
},
{
    "pk": 15, 
    "model": "misc.department", 
    "fields": {
        "name": "Civil Engineering", 
        "short_name": "CIVIL"
    }
},
{
    "pk": 1, 
    "model": "misc.year", 
    "fields": {
        "name": "First Year", 
        "short_name": "freshie"
    }
},
{
    "pk": 2, 
    "model": "misc.year", 
    "fields": {
        "name": "Second Year", 
        "short_name": "sophie"
    }
},
{
    "pk": 3, 
    "model": "misc.year", 
    "fields": {
        "name": "Third Year", 
        "short_name": "thirdie"
    }
},
{
    "pk": 4, 
    "model": "misc.year", 
    "fields": {
        "name": "Fourth Year", 
        "short_name": "fourthie"
    }
},
{
    "pk": 5, 
    "model": "misc.year", 
    "fields": {
        "name": "Dual Degree", 
        "short_name": "DD"
    }
},
{
    "pk": 6, 
    "model": "misc.year", 
    "fields": {
        "name": "Mtech 1", 
        "short_name": "Mtech 1"
    }
},
{
    "pk": 7, 
    "model": "misc.year", 
    "fields": {
        "name": "Mtech 2", 
        "short_name": "Mtech 2"
    }
},
{
    "pk": 8, 
    "model": "misc.year", 
    "fields": {
        "name": "PHD", 
        "short_name": "PHD"
    }
},
{
    "pk": 1, 
    "model": "misc.venue", 
    "fields": {
        "name": "Sac room", 
        "description": "near SAC,Hostel1"
    }
},
{
    "pk": 2, 
    "model": "misc.venue", 
    "fields": {
        "name": "Tinkerers' Lab", 
        "description": "in Main Building, third floor"
    }
},
{
    "pk": 1, 
    "model": "misc.hostel", 
    "fields": {
        "name": "Hostel 1", 
        "description": ""
    }
},
{
    "pk": 2, 
    "model": "misc.hostel", 
    "fields": {
        "name": "Hostel 2", 
        "description": ""
    }
},
{
    "pk": 3, 
    "model": "misc.hostel", 
    "fields": {
        "name": "Hostel 3", 
        "description": ""
    }
},
{
    "pk": 4, 
    "model": "misc.hostel", 
    "fields": {
        "name": "Hostel 4", 
        "description": ""
    }
},
{
    "pk": 5, 
    "model": "misc.hostel", 
    "fields": {
        "name": "Hostel 5", 
        "description": ""
    }
},
{
    "pk": 6, 
    "model": "misc.hostel", 
    "fields": {
        "name": "Hostel 6", 
        "description": ""
    }
},
{
    "pk": 7, 
    "model": "misc.hostel", 
    "fields": {
        "name": "Hostel 7", 
        "description": ""
    }
},
{
    "pk": 8, 
    "model": "misc.hostel", 
    "fields": {
        "name": "Hostel 8", 
        "description": ""
    }
},
{
    "pk": 9, 
    "model": "misc.hostel", 
    "fields": {
        "name": "Hostel 9", 
        "description": ""
    }
},
{
    "pk": 10, 
    "model": "misc.hostel", 
    "fields": {
        "name": "Hostel 10", 
        "description": ""
    }
},
{
    "pk": 11, 
    "model": "misc.hostel", 
    "fields": {
        "name": "Hostel 11", 
        "description": ""
    }
},
{
    "pk": 12, 
    "model": "misc.hostel", 
    "fields": {
        "name": "Hostel 12", 
        "description": ""
    }
},
{
    "pk": 13, 
    "model": "misc.hostel", 
    "fields": {
        "name": "Hostel 13", 
        "description": ""
    }
},
{
    "pk": 14, 
    "model": "misc.hostel", 
    "fields": {
        "name": "Hostel 14", 
        "description": ""
    }
},
{
    "pk": 15, 
    "model": "misc.hostel", 
    "fields": {
        "name": "Hostel 15", 
        "description": ""
    }
},
{
    "pk": 1, 
    "model": "misc.club", 
    "fields": {
        "image": "", 
        "name": "Robotics Club", 
        "description": ""
    }
},
{
    "pk": 2, 
    "model": "misc.club", 
    "fields": {
        "image": "", 
        "name": "Wncc Club", 
        "description": ""
    }
},
{
    "pk": 3, 
    "model": "misc.club", 
    "fields": {
        "image": "", 
        "name": "Krittika Club", 
        "description": ""
    }
},
{
    "pk": 4, 
    "model": "misc.club", 
    "fields": {
        "image": "", 
        "name": "MnP Club", 
        "description": ""
    }
},
{
    "pk": 5, 
    "model": "misc.club", 
    "fields": {
        "image": "", 
        "name": "Electronics Club", 
        "description": ""
    }
},
{
    "pk": 6, 
    "model": "misc.club", 
    "fields": {
        "image": "", 
        "name": "Technovation club", 
        "description": ""
    }
},
{
    "pk": 7, 
    "model": "misc.club", 
    "fields": {
        "image": "", 
        "name": "Aero Club", 
        "description": ""
    }
},
{
    "pk": 8, 
    "model": "misc.club", 
    "fields": {
        "image": "", 
        "name": "Tinkerers' Lab", 
        "description": "Tinkerer's lab"
    }
},
{
    "pk": 1, 
    "model": "misc.skill", 
    "fields": {
        "name": "Solid works", 
        "short_name": "solid-works"
    }
},
{
    "pk": 2, 
    "model": "misc.skill", 
    "fields": {
        "name": "CAD & Ansys", 
        "short_name": "cad"
    }
},
{
    "pk": 3, 
    "model": "misc.skill", 
    "fields": {
        "name": "Matlab", 
        "short_name": "matlab"
    }
},
{
    "pk": 4, 
    "model": "misc.skill", 
    "fields": {
        "name": "Simulink", 
        "short_name": "simulink"
    }
},
{
    "pk": 5, 
    "model": "misc.skill", 
    "fields": {
        "name": "Eagle", 
        "short_name": "eagle"
    }
},
{
    "pk": 6, 
    "model": "misc.skill", 
    "fields": {
        "name": "Kicad", 
        "short_name": "kicad"
    }
},
{
    "pk": 7, 
    "model": "misc.skill", 
    "fields": {
        "name": "Ltspice", 
        "short_name": "ltspice"
    }
},
{
    "pk": 8, 
    "model": "misc.skill", 
    "fields": {
        "name": "Simulation software", 
        "short_name": "simulation-software"
    }
},
{
    "pk": 9, 
    "model": "misc.skill", 
    "fields": {
        "name": "Labview", 
        "short_name": "labview"
    }
},
{
    "pk": 10, 
    "model": "misc.skill", 
    "fields": {
        "name": "Basic sensors (sharp tsop ultrasonic ldr's)", 
        "short_name": "basic-sensors"
    }
},
{
    "pk": 11, 
    "model": "misc.skill", 
    "fields": {
        "name": "Advanced sensors (gyroscope accelerometer thermal humidity proximity flex megnetometer)", 
        "short_name": "advanced-sensors"
    }
},
{
    "pk": 12, 
    "model": "misc.skill", 
    "fields": {
        "name": "Infra red emitters and sensors", 
        "short_name": "infra-red-sensors"
    }
},
{
    "pk": 13, 
    "model": "misc.skill", 
    "fields": {
        "name": "Signal Processing", 
        "short_name": "signal-processing"
    }
},
{
    "pk": 14, 
    "model": "misc.skill", 
    "fields": {
        "name": "noise filtering", 
        "short_name": "noise-filtering"
    }
},
{
    "pk": 15, 
    "model": "misc.skill", 
    "fields": {
        "name": "control theory", 
        "short_name": "control-theory"
    }
},
{
    "pk": 16, 
    "model": "misc.skill", 
    "fields": {
        "name": "system identification", 
        "short_name": "system-identification"
    }
},
{
    "pk": 17, 
    "model": "misc.skill", 
    "fields": {
        "name": "system tuning", 
        "short_name": "system-tuning"
    }
},
{
    "pk": 18, 
    "model": "misc.skill", 
    "fields": {
        "name": "Pure Mechanical knowledge (assembly", 
        "short_name": "gear)"
    }
},
{
    "pk": 19, 
    "model": "misc.skill", 
    "fields": {
        "name": "Motors (servo stepper)", 
        "short_name": "motors"
    }
},
{
    "pk": 20, 
    "model": "misc.skill", 
    "fields": {
        "name": "Piston actuation", 
        "short_name": "piston-actuation"
    }
},
{
    "pk": 21, 
    "model": "misc.skill", 
    "fields": {
        "name": "Shock Absorbers", 
        "short_name": "shock-absorbers"
    }
},
{
    "pk": 22, 
    "model": "misc.skill", 
    "fields": {
        "name": "fabrication processing", 
        "short_name": "fabrication-processing"
    }
},
{
    "pk": 23, 
    "model": "misc.skill", 
    "fields": {
        "name": "Arduino basics", 
        "short_name": "arduino-basics"
    }
},
{
    "pk": 24, 
    "model": "misc.skill", 
    "fields": {
        "name": "Arduino advanced (serial communication - SPI uart usart coding timers )", 
        "short_name": "arduino-advanced"
    }
},
{
    "pk": 25, 
    "model": "misc.skill", 
    "fields": {
        "name": "Avr coding (basic)", 
        "short_name": "avr-coding-basic"
    }
},
{
    "pk": 26, 
    "model": "misc.skill", 
    "fields": {
        "name": "Avr coding (advanced)", 
        "short_name": "avr-coding-advanced"
    }
},
{
    "pk": 27, 
    "model": "misc.skill", 
    "fields": {
        "name": "Processing software", 
        "short_name": "processing-software"
    }
},
{
    "pk": 28, 
    "model": "misc.skill", 
    "fields": {
        "name": "Wireless communication modules (xbee Bluetooth manipulating electro magnetic fields)", 
        "short_name": "wireless-communication"
    }
},
{
    "pk": 29, 
    "model": "misc.skill", 
    "fields": {
        "name": "Image processing (visual studio open cv processing)", 
        "short_name": "image-processing"
    }
},
{
    "pk": 30, 
    "model": "misc.skill", 
    "fields": {
        "name": "Digital Signal Processing tools", 
        "short_name": "digital-signal-processing"
    }
},
{
    "pk": 31, 
    "model": "misc.skill", 
    "fields": {
        "name": "FPGA related coding", 
        "short_name": "FPGA-coding"
    }
},
{
    "pk": 32, 
    "model": "misc.skill", 
    "fields": {
        "name": "High power electrical applications", 
        "short_name": "high-power-electronics"
    }
},
{
    "pk": 33, 
    "model": "misc.skill", 
    "fields": {
        "name": "HTML", 
        "short_name": "html"
    }
},
{
    "pk": 34, 
    "model": "misc.skill", 
    "fields": {
        "name": "C/C++", 
        "short_name": "C/C++"
    }
},
{
    "pk": 35, 
    "model": "misc.skill", 
    "fields": {
        "name": "Python", 
        "short_name": "python"
    }
},
{
    "pk": 36, 
    "model": "misc.skill", 
    "fields": {
        "name": "Java", 
        "short_name": "java"
    }
},
{
    "pk": 37, 
    "model": "misc.skill", 
    "fields": {
        "name": "CSS", 
        "short_name": "css"
    }
},
{
    "pk": 38, 
    "model": "misc.skill", 
    "fields": {
        "name": "PHP", 
        "short_name": "php"
    }
},
{
    "pk": 39, 
    "model": "misc.skill", 
    "fields": {
        "name": "MySQL", 
        "short_name": "mysql"
    }
},
{
    "pk": 40, 
    "model": "misc.skill", 
    "fields": {
        "name": "Javascript", 
        "short_name": "javascript"
    }
},
{
    "pk": 41, 
    "model": "misc.skill", 
    "fields": {
        "name": "Android", 
        "short_name": "android"
    }
},
{
    "pk": 42, 
    "model": "misc.skill", 
    "fields": {
        "name": "Ruby on Rails", 
        "short_name": "RoR"
    }
},
{
    "pk": 43, 
    "model": "misc.skill", 
    "fields": {
        "name": "iPhone programming", 
        "short_name": "iphone-programming"
    }
},
{
    "pk": 44, 
    "model": "misc.skill", 
    "fields": {
        "name": "Telescope handling", 
        "short_name": "telescope-handling"
    }
},
{
    "pk": 45, 
    "model": "misc.skill", 
    "fields": {
        "name": "Observational Astronomy", 
        "short_name": "observational-astronomy"
    }
},
{
    "pk": 46, 
    "model": "misc.skill", 
    "fields": {
        "name": "Flying aeroplane", 
        "short_name": "flying-airplane"
    }
},
{
    "pk": 47, 
    "model": "misc.skill", 
    "fields": {
        "name": "Board Games( Chess checkers.go etc.)", 
        "short_name": "board-games"
    }
},
{
    "pk": 48, 
    "model": "misc.skill", 
    "fields": {
        "name": "Sudoku", 
        "short_name": "sudoku"
    }
},
{
    "pk": 49, 
    "model": "misc.skill", 
    "fields": {
        "name": "Competitive Programming", 
        "short_name": "coding"
    }
},
{
    "pk": 20, 
    "model": "registration.individualregistration", 
    "fields": {
        "user": 31, 
        "event": 7
    }
},
{
    "pk": 23, 
    "model": "registration.individualregistration", 
    "fields": {
        "user": 33, 
        "event": 6
    }
},
{
    "pk": 24, 
    "model": "registration.individualregistration", 
    "fields": {
        "user": 32, 
        "event": 4
    }
},
{
    "pk": 25, 
    "model": "registration.individualregistration", 
    "fields": {
        "user": 25, 
        "event": 6
    }
},
{
    "pk": 26, 
    "model": "registration.individualregistration", 
    "fields": {
        "user": 36, 
        "event": 6
    }
},
{
    "pk": 27, 
    "model": "registration.individualregistration", 
    "fields": {
        "user": 36, 
        "event": 4
    }
},
{
    "pk": 28, 
    "model": "registration.individualregistration", 
    "fields": {
        "user": 38, 
        "event": 6
    }
},
{
    "pk": 29, 
    "model": "registration.individualregistration", 
    "fields": {
        "user": 38, 
        "event": 4
    }
},
{
    "pk": 31, 
    "model": "registration.individualregistration", 
    "fields": {
        "user": 48, 
        "event": 6
    }
},
{
    "pk": 33, 
    "model": "registration.individualregistration", 
    "fields": {
        "user": 55, 
        "event": 4
    }
},
{
    "pk": 37, 
    "model": "registration.individualregistration", 
    "fields": {
        "user": 39, 
        "event": 7
    }
},
{
    "pk": 38, 
    "model": "registration.individualregistration", 
    "fields": {
        "user": 55, 
        "event": 7
    }
},
{
    "pk": 39, 
    "model": "registration.individualregistration", 
    "fields": {
        "user": 60, 
        "event": 4
    }
},
{
    "pk": 40, 
    "model": "registration.individualregistration", 
    "fields": {
        "user": 60, 
        "event": 6
    }
},
{
    "pk": 41, 
    "model": "registration.individualregistration", 
    "fields": {
        "user": 64, 
        "event": 5
    }
},
{
    "pk": 42, 
    "model": "registration.individualregistration", 
    "fields": {
        "user": 64, 
        "event": 4
    }
},
{
    "pk": 43, 
    "model": "registration.individualregistration", 
    "fields": {
        "user": 64, 
        "event": 6
    }
},
{
    "pk": 44, 
    "model": "registration.individualregistration", 
    "fields": {
        "user": 64, 
        "event": 7
    }
},
{
    "pk": 47, 
    "model": "registration.individualregistration", 
    "fields": {
        "user": 65, 
        "event": 5
    }
},
{
    "pk": 49, 
    "model": "registration.individualregistration", 
    "fields": {
        "user": 67, 
        "event": 7
    }
},
{
    "pk": 50, 
    "model": "registration.individualregistration", 
    "fields": {
        "user": 67, 
        "event": 5
    }
},
{
    "pk": 51, 
    "model": "registration.individualregistration", 
    "fields": {
        "user": 67, 
        "event": 6
    }
},
{
    "pk": 52, 
    "model": "registration.individualregistration", 
    "fields": {
        "user": 68, 
        "event": 6
    }
},
{
    "pk": 53, 
    "model": "registration.individualregistration", 
    "fields": {
        "user": 70, 
        "event": 6
    }
},
{
    "pk": 54, 
    "model": "registration.individualregistration", 
    "fields": {
        "user": 70, 
        "event": 5
    }
},
{
    "pk": 55, 
    "model": "registration.individualregistration", 
    "fields": {
        "user": 70, 
        "event": 7
    }
},
{
    "pk": 56, 
    "model": "registration.individualregistration", 
    "fields": {
        "user": 54, 
        "event": 6
    }
},
{
    "pk": 57, 
    "model": "registration.individualregistration", 
    "fields": {
        "user": 54, 
        "event": 7
    }
},
{
    "pk": 58, 
    "model": "registration.individualregistration", 
    "fields": {
        "user": 54, 
        "event": 5
    }
},
{
    "pk": 59, 
    "model": "registration.individualregistration", 
    "fields": {
        "user": 69, 
        "event": 6
    }
},
{
    "pk": 61, 
    "model": "registration.individualregistration", 
    "fields": {
        "user": 71, 
        "event": 4
    }
},
{
    "pk": 62, 
    "model": "registration.individualregistration", 
    "fields": {
        "user": 71, 
        "event": 5
    }
},
{
    "pk": 63, 
    "model": "registration.individualregistration", 
    "fields": {
        "user": 71, 
        "event": 6
    }
},
{
    "pk": 64, 
    "model": "registration.individualregistration", 
    "fields": {
        "user": 71, 
        "event": 7
    }
},
{
    "pk": 65, 
    "model": "registration.individualregistration", 
    "fields": {
        "user": 75, 
        "event": 7
    }
},
{
    "pk": 66, 
    "model": "registration.individualregistration", 
    "fields": {
        "user": 75, 
        "event": 4
    }
},
{
    "pk": 67, 
    "model": "registration.individualregistration", 
    "fields": {
        "user": 80, 
        "event": 6
    }
},
{
    "pk": 68, 
    "model": "registration.individualregistration", 
    "fields": {
        "user": 80, 
        "event": 4
    }
},
{
    "pk": 69, 
    "model": "registration.individualregistration", 
    "fields": {
        "user": 26, 
        "event": 7
    }
},
{
    "pk": 70, 
    "model": "registration.individualregistration", 
    "fields": {
        "user": 72, 
        "event": 6
    }
},
{
    "pk": 71, 
    "model": "registration.individualregistration", 
    "fields": {
        "user": 81, 
        "event": 6
    }
},
{
    "pk": 72, 
    "model": "registration.individualregistration", 
    "fields": {
        "user": 81, 
        "event": 4
    }
},
{
    "pk": 73, 
    "model": "registration.individualregistration", 
    "fields": {
        "user": 81, 
        "event": 5
    }
},
{
    "pk": 75, 
    "model": "registration.individualregistration", 
    "fields": {
        "user": 81, 
        "event": 7
    }
},
{
    "pk": 76, 
    "model": "registration.individualregistration", 
    "fields": {
        "user": 83, 
        "event": 6
    }
},
{
    "pk": 77, 
    "model": "registration.individualregistration", 
    "fields": {
        "user": 79, 
        "event": 6
    }
},
{
    "pk": 78, 
    "model": "registration.individualregistration", 
    "fields": {
        "user": 79, 
        "event": 5
    }
},
{
    "pk": 79, 
    "model": "registration.individualregistration", 
    "fields": {
        "user": 79, 
        "event": 4
    }
},
{
    "pk": 81, 
    "model": "registration.individualregistration", 
    "fields": {
        "user": 86, 
        "event": 6
    }
},
{
    "pk": 82, 
    "model": "registration.individualregistration", 
    "fields": {
        "user": 87, 
        "event": 6
    }
},
{
    "pk": 83, 
    "model": "registration.individualregistration", 
    "fields": {
        "user": 86, 
        "event": 5
    }
},
{
    "pk": 84, 
    "model": "registration.individualregistration", 
    "fields": {
        "user": 86, 
        "event": 4
    }
},
{
    "pk": 85, 
    "model": "registration.individualregistration", 
    "fields": {
        "user": 90, 
        "event": 7
    }
},
{
    "pk": 86, 
    "model": "registration.individualregistration", 
    "fields": {
        "user": 90, 
        "event": 6
    }
},
{
    "pk": 87, 
    "model": "registration.individualregistration", 
    "fields": {
        "user": 90, 
        "event": 5
    }
},
{
    "pk": 89, 
    "model": "registration.individualregistration", 
    "fields": {
        "user": 92, 
        "event": 4
    }
},
{
    "pk": 90, 
    "model": "registration.individualregistration", 
    "fields": {
        "user": 92, 
        "event": 6
    }
},
{
    "pk": 91, 
    "model": "registration.individualregistration", 
    "fields": {
        "user": 62, 
        "event": 6
    }
},
{
    "pk": 92, 
    "model": "registration.individualregistration", 
    "fields": {
        "user": 66, 
        "event": 7
    }
},
{
    "pk": 93, 
    "model": "registration.individualregistration", 
    "fields": {
        "user": 66, 
        "event": 4
    }
},
{
    "pk": 94, 
    "model": "registration.individualregistration", 
    "fields": {
        "user": 66, 
        "event": 6
    }
},
{
    "pk": 95, 
    "model": "registration.individualregistration", 
    "fields": {
        "user": 89, 
        "event": 6
    }
},
{
    "pk": 96, 
    "model": "registration.individualregistration", 
    "fields": {
        "user": 45, 
        "event": 6
    }
},
{
    "pk": 97, 
    "model": "registration.individualregistration", 
    "fields": {
        "user": 45, 
        "event": 4
    }
},
{
    "pk": 98, 
    "model": "registration.individualregistration", 
    "fields": {
        "user": 73, 
        "event": 4
    }
},
{
    "pk": 99, 
    "model": "registration.individualregistration", 
    "fields": {
        "user": 73, 
        "event": 5
    }
},
{
    "pk": 100, 
    "model": "registration.individualregistration", 
    "fields": {
        "user": 73, 
        "event": 7
    }
},
{
    "pk": 101, 
    "model": "registration.individualregistration", 
    "fields": {
        "user": 73, 
        "event": 6
    }
},
{
    "pk": 103, 
    "model": "registration.individualregistration", 
    "fields": {
        "user": 75, 
        "event": 6
    }
},
{
    "pk": 104, 
    "model": "registration.individualregistration", 
    "fields": {
        "user": 59, 
        "event": 5
    }
},
{
    "pk": 105, 
    "model": "registration.individualregistration", 
    "fields": {
        "user": 84, 
        "event": 5
    }
},
{
    "pk": 107, 
    "model": "registration.individualregistration", 
    "fields": {
        "user": 100, 
        "event": 6
    }
},
{
    "pk": 109, 
    "model": "registration.individualregistration", 
    "fields": {
        "user": 102, 
        "event": 6
    }
},
{
    "pk": 110, 
    "model": "registration.individualregistration", 
    "fields": {
        "user": 99, 
        "event": 6
    }
},
{
    "pk": 111, 
    "model": "registration.individualregistration", 
    "fields": {
        "user": 103, 
        "event": 6
    }
},
{
    "pk": 112, 
    "model": "registration.individualregistration", 
    "fields": {
        "user": 103, 
        "event": 4
    }
},
{
    "pk": 115, 
    "model": "registration.individualregistration", 
    "fields": {
        "user": 104, 
        "event": 4
    }
},
{
    "pk": 116, 
    "model": "registration.individualregistration", 
    "fields": {
        "user": 104, 
        "event": 5
    }
},
{
    "pk": 117, 
    "model": "registration.individualregistration", 
    "fields": {
        "user": 104, 
        "event": 6
    }
},
{
    "pk": 118, 
    "model": "registration.individualregistration", 
    "fields": {
        "user": 104, 
        "event": 7
    }
},
{
    "pk": 119, 
    "model": "registration.individualregistration", 
    "fields": {
        "user": 106, 
        "event": 6
    }
},
{
    "pk": 120, 
    "model": "registration.individualregistration", 
    "fields": {
        "user": 34, 
        "event": 7
    }
},
{
    "pk": 121, 
    "model": "registration.individualregistration", 
    "fields": {
        "user": 93, 
        "event": 6
    }
},
{
    "pk": 122, 
    "model": "registration.individualregistration", 
    "fields": {
        "user": 93, 
        "event": 7
    }
},
{
    "pk": 123, 
    "model": "registration.individualregistration", 
    "fields": {
        "user": 111, 
        "event": 6
    }
},
{
    "pk": 124, 
    "model": "registration.individualregistration", 
    "fields": {
        "user": 111, 
        "event": 7
    }
},
{
    "pk": 125, 
    "model": "registration.individualregistration", 
    "fields": {
        "user": 112, 
        "event": 5
    }
},
{
    "pk": 126, 
    "model": "registration.individualregistration", 
    "fields": {
        "user": 112, 
        "event": 6
    }
},
{
    "pk": 127, 
    "model": "registration.individualregistration", 
    "fields": {
        "user": 110, 
        "event": 4
    }
},
{
    "pk": 128, 
    "model": "registration.individualregistration", 
    "fields": {
        "user": 113, 
        "event": 5
    }
},
{
    "pk": 129, 
    "model": "registration.individualregistration", 
    "fields": {
        "user": 113, 
        "event": 6
    }
},
{
    "pk": 130, 
    "model": "registration.individualregistration", 
    "fields": {
        "user": 114, 
        "event": 5
    }
},
{
    "pk": 133, 
    "model": "registration.individualregistration", 
    "fields": {
        "user": 115, 
        "event": 6
    }
},
{
    "pk": 134, 
    "model": "registration.individualregistration", 
    "fields": {
        "user": 115, 
        "event": 5
    }
},
{
    "pk": 135, 
    "model": "registration.individualregistration", 
    "fields": {
        "user": 115, 
        "event": 4
    }
},
{
    "pk": 136, 
    "model": "registration.individualregistration", 
    "fields": {
        "user": 116, 
        "event": 6
    }
},
{
    "pk": 138, 
    "model": "registration.individualregistration", 
    "fields": {
        "user": 119, 
        "event": 4
    }
},
{
    "pk": 139, 
    "model": "registration.individualregistration", 
    "fields": {
        "user": 120, 
        "event": 4
    }
},
{
    "pk": 140, 
    "model": "registration.individualregistration", 
    "fields": {
        "user": 121, 
        "event": 6
    }
},
{
    "pk": 141, 
    "model": "registration.individualregistration", 
    "fields": {
        "user": 120, 
        "event": 6
    }
},
{
    "pk": 142, 
    "model": "registration.individualregistration", 
    "fields": {
        "user": 38, 
        "event": 5
    }
},
{
    "pk": 143, 
    "model": "registration.individualregistration", 
    "fields": {
        "user": 38, 
        "event": 7
    }
},
{
    "pk": 144, 
    "model": "registration.individualregistration", 
    "fields": {
        "user": 121, 
        "event": 5
    }
},
{
    "pk": 145, 
    "model": "registration.individualregistration", 
    "fields": {
        "user": 123, 
        "event": 4
    }
},
{
    "pk": 146, 
    "model": "registration.individualregistration", 
    "fields": {
        "user": 47, 
        "event": 4
    }
},
{
    "pk": 147, 
    "model": "registration.individualregistration", 
    "fields": {
        "user": 65, 
        "event": 4
    }
},
{
    "pk": 148, 
    "model": "registration.individualregistration", 
    "fields": {
        "user": 47, 
        "event": 6
    }
},
{
    "pk": 149, 
    "model": "registration.individualregistration", 
    "fields": {
        "user": 126, 
        "event": 5
    }
},
{
    "pk": 151, 
    "model": "registration.individualregistration", 
    "fields": {
        "user": 117, 
        "event": 4
    }
},
{
    "pk": 152, 
    "model": "registration.individualregistration", 
    "fields": {
        "user": 117, 
        "event": 5
    }
},
{
    "pk": 153, 
    "model": "registration.individualregistration", 
    "fields": {
        "user": 117, 
        "event": 6
    }
},
{
    "pk": 154, 
    "model": "registration.individualregistration", 
    "fields": {
        "user": 129, 
        "event": 7
    }
},
{
    "pk": 155, 
    "model": "registration.individualregistration", 
    "fields": {
        "user": 129, 
        "event": 6
    }
},
{
    "pk": 156, 
    "model": "registration.individualregistration", 
    "fields": {
        "user": 131, 
        "event": 6
    }
},
{
    "pk": 157, 
    "model": "registration.individualregistration", 
    "fields": {
        "user": 131, 
        "event": 7
    }
},
{
    "pk": 158, 
    "model": "registration.individualregistration", 
    "fields": {
        "user": 131, 
        "event": 4
    }
},
{
    "pk": 159, 
    "model": "registration.individualregistration", 
    "fields": {
        "user": 131, 
        "event": 5
    }
},
{
    "pk": 160, 
    "model": "registration.individualregistration", 
    "fields": {
        "user": 129, 
        "event": 4
    }
},
{
    "pk": 162, 
    "model": "registration.individualregistration", 
    "fields": {
        "user": 129, 
        "event": 5
    }
},
{
    "pk": 163, 
    "model": "registration.individualregistration", 
    "fields": {
        "user": 125, 
        "event": 6
    }
},
{
    "pk": 164, 
    "model": "registration.individualregistration", 
    "fields": {
        "user": 130, 
        "event": 6
    }
},
{
    "pk": 165, 
    "model": "registration.individualregistration", 
    "fields": {
        "user": 130, 
        "event": 4
    }
},
{
    "pk": 166, 
    "model": "registration.individualregistration", 
    "fields": {
        "user": 135, 
        "event": 7
    }
},
{
    "pk": 167, 
    "model": "registration.individualregistration", 
    "fields": {
        "user": 135, 
        "event": 6
    }
},
{
    "pk": 168, 
    "model": "registration.individualregistration", 
    "fields": {
        "user": 127, 
        "event": 6
    }
},
{
    "pk": 169, 
    "model": "registration.individualregistration", 
    "fields": {
        "user": 136, 
        "event": 6
    }
},
{
    "pk": 170, 
    "model": "registration.individualregistration", 
    "fields": {
        "user": 121, 
        "event": 4
    }
},
{
    "pk": 171, 
    "model": "registration.individualregistration", 
    "fields": {
        "user": 136, 
        "event": 4
    }
},
{
    "pk": 172, 
    "model": "registration.individualregistration", 
    "fields": {
        "user": 136, 
        "event": 5
    }
},
{
    "pk": 173, 
    "model": "registration.individualregistration", 
    "fields": {
        "user": 136, 
        "event": 7
    }
},
{
    "pk": 174, 
    "model": "registration.individualregistration", 
    "fields": {
        "user": 125, 
        "event": 4
    }
},
{
    "pk": 175, 
    "model": "registration.individualregistration", 
    "fields": {
        "user": 125, 
        "event": 5
    }
},
{
    "pk": 176, 
    "model": "registration.individualregistration", 
    "fields": {
        "user": 125, 
        "event": 7
    }
},
{
    "pk": 177, 
    "model": "registration.individualregistration", 
    "fields": {
        "user": 53, 
        "event": 6
    }
},
{
    "pk": 178, 
    "model": "registration.individualregistration", 
    "fields": {
        "user": 127, 
        "event": 4
    }
},
{
    "pk": 179, 
    "model": "registration.individualregistration", 
    "fields": {
        "user": 127, 
        "event": 5
    }
},
{
    "pk": 180, 
    "model": "registration.individualregistration", 
    "fields": {
        "user": 127, 
        "event": 7
    }
},
{
    "pk": 181, 
    "model": "registration.individualregistration", 
    "fields": {
        "user": 52, 
        "event": 6
    }
},
{
    "pk": 182, 
    "model": "registration.individualregistration", 
    "fields": {
        "user": 103, 
        "event": 5
    }
},
{
    "pk": 183, 
    "model": "registration.individualregistration", 
    "fields": {
        "user": 137, 
        "event": 6
    }
},
{
    "pk": 184, 
    "model": "registration.individualregistration", 
    "fields": {
        "user": 138, 
        "event": 6
    }
},
{
    "pk": 185, 
    "model": "registration.individualregistration", 
    "fields": {
        "user": 138, 
        "event": 7
    }
},
{
    "pk": 186, 
    "model": "registration.individualregistration", 
    "fields": {
        "user": 138, 
        "event": 4
    }
},
{
    "pk": 187, 
    "model": "registration.individualregistration", 
    "fields": {
        "user": 138, 
        "event": 5
    }
},
{
    "pk": 188, 
    "model": "registration.individualregistration", 
    "fields": {
        "user": 76, 
        "event": 6
    }
},
{
    "pk": 190, 
    "model": "registration.individualregistration", 
    "fields": {
        "user": 144, 
        "event": 7
    }
},
{
    "pk": 191, 
    "model": "registration.individualregistration", 
    "fields": {
        "user": 33, 
        "event": 5
    }
},
{
    "pk": 192, 
    "model": "registration.individualregistration", 
    "fields": {
        "user": 33, 
        "event": 4
    }
},
{
    "pk": 193, 
    "model": "registration.individualregistration", 
    "fields": {
        "user": 33, 
        "event": 7
    }
},
{
    "pk": 194, 
    "model": "registration.individualregistration", 
    "fields": {
        "user": 146, 
        "event": 6
    }
},
{
    "pk": 196, 
    "model": "registration.individualregistration", 
    "fields": {
        "user": 161, 
        "event": 6
    }
},
{
    "pk": 197, 
    "model": "registration.individualregistration", 
    "fields": {
        "user": 3, 
        "event": 7
    }
},
{
    "pk": 199, 
    "model": "registration.individualregistration", 
    "fields": {
        "user": 164, 
        "event": 7
    }
},
{
    "pk": 200, 
    "model": "registration.individualregistration", 
    "fields": {
        "user": 29, 
        "event": 4
    }
},
{
    "pk": 3, 
    "model": "projects.project", 
    "fields": {
        "description": "\n<p><span style=\"color: rgb(51, 51, 51);\">It is difficult for human beings to work on or under water for a long time</span><span style=\"color: rgb(51, 51, 51);\">. O</span><span style=\"color: #333333;\">ur vision is to replace them by an unmanned marine robot which can be controlled from a safe location i.e. Ocean Mate. We will be\u00a0targeting\u00a0oil platforms (rigs) where people go underwater for maintenance\u00a0purpose,\u00a0</span><span style=\"color: rgb(51, 51, 51);\">and also to\u00a0</span><span style=\"color: rgb(51, 51, 51);\">\u00a0to carry out security operations (like monitoring, spying\u00a0etc).</span></p>\n\n<p>Interested people are invited to join. Contact us at 136390003@iitb.ac.in, 136330004@iitb.ac.in</p>\n", 
        "club": [
            1, 
            5, 
            6, 
            7, 
            8
        ], 
        "created_at": "2014-01-26T14:00:31Z", 
        "updated_at": "2014-01-26T14:00:31Z", 
        "link": "", 
        "user": 163, 
        "team": [
            160, 
            163
        ], 
        "short_description": "Marine Robot", 
        "is_verified": false, 
        "name": "Ocean Mate"
    }
},
{
    "pk": 1, 
    "model": "tinkerer.entered", 
    "fields": {
        "purpose": "This is not a purpose", 
        "left": "2014-01-08T08:35:19Z", 
        "is_active": false, 
        "user": 2, 
        "enter": "2014-01-08T08:35:05Z"
    }
},
{
    "pk": 2, 
    "model": "tinkerer.entered", 
    "fields": {
        "purpose": "This id for fun", 
        "left": "2014-01-09T04:38:15Z", 
        "is_active": false, 
        "user": 4, 
        "enter": "2014-01-09T04:37:06Z"
    }
},
{
    "pk": 3, 
    "model": "tinkerer.entered", 
    "fields": {
        "purpose": "Testing", 
        "left": "2014-01-11T12:29:13Z", 
        "is_active": false, 
        "user": 13, 
        "enter": "2014-01-11T12:29:03Z"
    }
},
{
    "pk": 4, 
    "model": "tinkerer.entered", 
    "fields": {
        "purpose": "Thui", 
        "left": "2014-01-11T13:43:28Z", 
        "is_active": false, 
        "user": 3, 
        "enter": "2014-01-11T13:43:09Z"
    }
},
{
    "pk": 5, 
    "model": "tinkerer.entered", 
    "fields": {
        "purpose": " dbgrhyfr", 
        "left": "2014-01-14T15:02:28Z", 
        "is_active": false, 
        "user": 17, 
        "enter": "2014-01-14T15:02:22Z"
    }
},
{
    "pk": 6, 
    "model": "tinkerer.entered", 
    "fields": {
        "purpose": "kbijbi", 
        "left": "2014-01-15T16:41:24Z", 
        "is_active": false, 
        "user": 17, 
        "enter": "2014-01-15T16:41:16Z"
    }
},
{
    "pk": 7, 
    "model": "tinkerer.entered", 
    "fields": {
        "purpose": "gn", 
        "left": "2014-01-16T09:23:43Z", 
        "is_active": false, 
        "user": 17, 
        "enter": "2014-01-16T09:23:40Z"
    }
},
{
    "pk": 8, 
    "model": "tinkerer.entered", 
    "fields": {
        "purpose": "aaaaaaaaaaa", 
        "left": "2014-01-16T09:23:53Z", 
        "is_active": false, 
        "user": 17, 
        "enter": "2014-01-16T09:23:49Z"
    }
},
{
    "pk": 9, 
    "model": "tinkerer.entered", 
    "fields": {
        "purpose": "sssssssssssss", 
        "left": "2014-01-16T09:24:00Z", 
        "is_active": false, 
        "user": 17, 
        "enter": "2014-01-16T09:23:58Z"
    }
},
{
    "pk": 10, 
    "model": "tinkerer.entered", 
    "fields": {
        "purpose": "sssssssssssssss\r\nssssssssssssss", 
        "left": "2014-01-16T09:24:10Z", 
        "is_active": false, 
        "user": 17, 
        "enter": "2014-01-16T09:24:08Z"
    }
},
{
    "pk": 11, 
    "model": "tinkerer.entered", 
    "fields": {
        "purpose": "sssssssssssssss", 
        "left": "2014-01-16T09:24:19Z", 
        "is_active": false, 
        "user": 17, 
        "enter": "2014-01-16T09:24:16Z"
    }
},
{
    "pk": 12, 
    "model": "tinkerer.entered", 
    "fields": {
        "purpose": "l", 
        "left": "2014-01-17T07:49:25Z", 
        "is_active": false, 
        "user": 28, 
        "enter": "2014-01-17T07:49:20Z"
    }
},
{
    "pk": 13, 
    "model": "tinkerer.entered", 
    "fields": {
        "purpose": "Thssssssssss", 
        "left": "2014-01-18T12:57:35Z", 
        "is_active": false, 
        "user": 3, 
        "enter": "2014-01-18T12:57:23Z"
    }
},
{
    "pk": 14, 
    "model": "tinkerer.entered", 
    "fields": {
        "purpose": "jkdfldf", 
        "left": "2014-01-18T14:44:08Z", 
        "is_active": false, 
        "user": 17, 
        "enter": "2014-01-18T14:41:36Z"
    }
},
{
    "pk": 15, 
    "model": "tinkerer.entered", 
    "fields": {
        "purpose": "vgjf ", 
        "left": "2014-01-18T14:58:49Z", 
        "is_active": false, 
        "user": 17, 
        "enter": "2014-01-18T14:58:40Z"
    }
},
{
    "pk": 16, 
    "model": "tinkerer.entered", 
    "fields": {
        "purpose": "Registering for project", 
        "left": null, 
        "is_active": true, 
        "user": 25, 
        "enter": "2014-01-18T18:56:20Z"
    }
},
{
    "pk": 17, 
    "model": "tinkerer.entered", 
    "fields": {
        "purpose": "TECH ENTHU!!!", 
        "left": null, 
        "is_active": true, 
        "user": 35, 
        "enter": "2014-01-18T19:13:38Z"
    }
},
{
    "pk": 18, 
    "model": "tinkerer.entered", 
    "fields": {
        "purpose": "To take part in a project", 
        "left": null, 
        "is_active": true, 
        "user": 75, 
        "enter": "2014-01-19T11:16:01Z"
    }
},
{
    "pk": 19, 
    "model": "tinkerer.entered", 
    "fields": {
        "purpose": "To learn basic stuff for tech events. ", 
        "left": "2014-01-21T12:02:33Z", 
        "is_active": false, 
        "user": 82, 
        "enter": "2014-01-21T12:02:26Z"
    }
},
{
    "pk": 20, 
    "model": "tinkerer.entered", 
    "fields": {
        "purpose": "To check things out..!!", 
        "left": null, 
        "is_active": true, 
        "user": 159, 
        "enter": "2014-01-23T14:27:15Z"
    }
},
{
    "pk": 21, 
    "model": "tinkerer.entered", 
    "fields": {
        "purpose": "Tinkering", 
        "left": "2014-01-26T05:13:35Z", 
        "is_active": false, 
        "user": 163, 
        "enter": "2014-01-26T05:13:02Z"
    }
},
{
    "pk": 22, 
    "model": "tinkerer.entered", 
    "fields": {
        "purpose": "To work on Ocean Mate", 
        "left": "2014-01-26T14:02:50Z", 
        "is_active": false, 
        "user": 160, 
        "enter": "2014-01-26T14:02:36Z"
    }
},
{
    "pk": 23, 
    "model": "tinkerer.entered", 
    "fields": {
        "purpose": "This is normal", 
        "left": "2014-01-29T18:29:03Z", 
        "is_active": false, 
        "user": 3, 
        "enter": "2014-01-29T18:28:16Z"
    }
},
{
    "pk": 24, 
    "model": "tinkerer.entered", 
    "fields": {
        "purpose": "just checking ", 
        "left": "2014-02-08T18:56:00Z", 
        "is_active": false, 
        "user": 168, 
        "enter": "2014-02-08T18:55:50Z"
    }
},
{
    "pk": 25, 
    "model": "tinkerer.entered", 
    "fields": {
        "purpose": "To get access to components and improve technical skills", 
        "left": "2014-02-12T17:04:47Z", 
        "is_active": false, 
        "user": 171, 
        "enter": "2014-02-12T17:04:01Z"
    }
},
{
    "pk": 26, 
    "model": "tinkerer.entered", 
    "fields": {
        "purpose": "abc", 
        "left": "2014-02-12T17:36:45Z", 
        "is_active": false, 
        "user": 171, 
        "enter": "2014-02-12T17:05:06Z"
    }
},
{
    "pk": 27, 
    "model": "tinkerer.entered", 
    "fields": {
        "purpose": "Currently need to fix my watchstrap after making the necessary bits. I have the aluminum strip needed. I need to use the following tools: a vice, hacksaw, file, 1mm drillbit & drilling machine (hand-drill is OK) OR a sharp straight hard rod with 1mm with pointed tip to make the holes.\r\n\r\nIn due course, I'd like to explore making a hand-cranked charger for my cellphone & my tab. And subsequently, a battery bank for my tab.", 
        "left": "2014-02-14T15:31:00Z", 
        "is_active": false, 
        "user": 174, 
        "enter": "2014-02-14T15:29:12Z"
    }
},
{
    "pk": 1, 
    "model": "tinkerer.component", 
    "fields": {
        "url": "http://demo.com/", 
        "idNo": "1", 
        "typeOfComponent": "RESISTORS", 
        "name": "demo", 
        "number": "demo"
    }
},
{
    "pk": 1, 
    "model": "easy_thumbnails.source", 
    "fields": {
        "name": "documents/2014/01/08/Regina_Cassandra_Photos__2.jpg", 
        "storage_hash": "f9bde26a1556cd667f742bd34ec7c55e", 
        "modified": "2014-01-08T08:23:05Z"
    }
},
{
    "pk": 2, 
    "model": "easy_thumbnails.source", 
    "fields": {
        "name": "documents/2014/01/08/aero-f-1030x360.png", 
        "storage_hash": "f9bde26a1556cd667f742bd34ec7c55e", 
        "modified": "2014-01-08T08:27:42Z"
    }
},
{
    "pk": 3, 
    "model": "easy_thumbnails.source", 
    "fields": {
        "name": "documents/2014/01/08/amala-paul-0a.jpg", 
        "storage_hash": "f9bde26a1556cd667f742bd34ec7c55e", 
        "modified": "2014-01-08T08:36:12Z"
    }
},
{
    "pk": 4, 
    "model": "easy_thumbnails.source", 
    "fields": {
        "name": "documents/2014/01/09/yami-gautam-15a.jpg", 
        "storage_hash": "f9bde26a1556cd667f742bd34ec7c55e", 
        "modified": "2014-01-08T20:34:47Z"
    }
},
{
    "pk": 5, 
    "model": "easy_thumbnails.source", 
    "fields": {
        "name": "documents/2014/01/09/kajal-agarwal-11a_1.jpg", 
        "storage_hash": "f9bde26a1556cd667f742bd34ec7c55e", 
        "modified": "2014-01-08T20:37:48Z"
    }
},
{
    "pk": 6, 
    "model": "easy_thumbnails.source", 
    "fields": {
        "name": "documents/2014/01/09/Screenshot-2.png", 
        "storage_hash": "f9bde26a1556cd667f742bd34ec7c55e", 
        "modified": "2014-01-09T04:30:45Z"
    }
},
{
    "pk": 7, 
    "model": "easy_thumbnails.source", 
    "fields": {
        "name": "documents/2014/01/09/Windows-7-Themes_2.jpg", 
        "storage_hash": "f9bde26a1556cd667f742bd34ec7c55e", 
        "modified": "2014-01-09T05:01:56Z"
    }
},
{
    "pk": 8, 
    "model": "easy_thumbnails.source", 
    "fields": {
        "name": "documents/2014/01/09/hobit.png", 
        "storage_hash": "f9bde26a1556cd667f742bd34ec7c55e", 
        "modified": "2014-01-09T12:57:00Z"
    }
},
{
    "pk": 9, 
    "model": "easy_thumbnails.source", 
    "fields": {
        "name": "documents/2014/01/11/pp.jpg", 
        "storage_hash": "f9bde26a1556cd667f742bd34ec7c55e", 
        "modified": "2014-01-10T18:30:02Z"
    }
},
{
    "pk": 10, 
    "model": "easy_thumbnails.source", 
    "fields": {
        "name": "documents/2014/01/11/1175138_585553134821255_1428185248_n.jpg", 
        "storage_hash": "f9bde26a1556cd667f742bd34ec7c55e", 
        "modified": "2014-01-11T11:09:06Z"
    }
},
{
    "pk": 11, 
    "model": "easy_thumbnails.source", 
    "fields": {
        "name": "documents/2014/01/11/Lan_del_rey.jpg", 
        "storage_hash": "f9bde26a1556cd667f742bd34ec7c55e", 
        "modified": "2014-01-11T10:02:28Z"
    }
},
{
    "pk": 12, 
    "model": "easy_thumbnails.source", 
    "fields": {
        "name": "documents/2014/01/14/1524282_10201929502412844_432557236_o.jpg", 
        "storage_hash": "f9bde26a1556cd667f742bd34ec7c55e", 
        "modified": "2014-01-13T22:22:23Z"
    }
},
{
    "pk": 13, 
    "model": "easy_thumbnails.source", 
    "fields": {
        "name": "documents/2014/01/14/Harry-Potter-1-.jpg", 
        "storage_hash": "f9bde26a1556cd667f742bd34ec7c55e", 
        "modified": "2014-01-13T22:24:06Z"
    }
},
{
    "pk": 14, 
    "model": "easy_thumbnails.source", 
    "fields": {
        "name": "documents/2014/01/14/Harry-Potter-1-_1.jpg", 
        "storage_hash": "f9bde26a1556cd667f742bd34ec7c55e", 
        "modified": "2014-01-14T16:19:23Z"
    }
},
{
    "pk": 15, 
    "model": "easy_thumbnails.source", 
    "fields": {
        "name": "documents/2014/01/18/transformers-wallpapers-9.jpg", 
        "storage_hash": "f9bde26a1556cd667f742bd34ec7c55e", 
        "modified": "2014-01-18T10:04:33Z"
    }
},
{
    "pk": 16, 
    "model": "easy_thumbnails.source", 
    "fields": {
        "name": "documents/2014/01/18/ctdisp_r.gif", 
        "storage_hash": "f9bde26a1556cd667f742bd34ec7c55e", 
        "modified": "2014-01-18T17:32:42Z"
    }
},
{
    "pk": 17, 
    "model": "easy_thumbnails.source", 
    "fields": {
        "name": "documents/2014/01/18/index.jpeg", 
        "storage_hash": "f9bde26a1556cd667f742bd34ec7c55e", 
        "modified": "2014-01-18T17:33:37Z"
    }
},
{
    "pk": 18, 
    "model": "easy_thumbnails.source", 
    "fields": {
        "name": "documents/2014/01/18/images.jpeg", 
        "storage_hash": "f9bde26a1556cd667f742bd34ec7c55e", 
        "modified": "2014-01-18T17:32:21Z"
    }
},
{
    "pk": 19, 
    "model": "easy_thumbnails.source", 
    "fields": {
        "name": "documents/2014/01/18/sensors_color_mixed.gif", 
        "storage_hash": "f9bde26a1556cd667f742bd34ec7c55e", 
        "modified": "2014-01-18T17:34:26Z"
    }
},
{
    "pk": 20, 
    "model": "easy_thumbnails.source", 
    "fields": {
        "name": "documents/2014/01/19/WP_20140114_003.jpg", 
        "storage_hash": "f9bde26a1556cd667f742bd34ec7c55e", 
        "modified": "2014-01-18T19:36:51Z"
    }
},
{
    "pk": 21, 
    "model": "easy_thumbnails.source", 
    "fields": {
        "name": "documents/2014/01/19/327966_243851288984485_99549_o.jpg", 
        "storage_hash": "f9bde26a1556cd667f742bd34ec7c55e", 
        "modified": "2014-01-18T19:38:16Z"
    }
},
{
    "pk": 22, 
    "model": "easy_thumbnails.source", 
    "fields": {
        "name": "documents/2014/01/19/Aksb.jpg", 
        "storage_hash": "f9bde26a1556cd667f742bd34ec7c55e", 
        "modified": "2014-01-18T19:40:56Z"
    }
},
{
    "pk": 23, 
    "model": "easy_thumbnails.source", 
    "fields": {
        "name": "documents/2014/01/19/DSC03463.JPG", 
        "storage_hash": "f9bde26a1556cd667f742bd34ec7c55e", 
        "modified": "2014-01-18T21:41:22Z"
    }
},
{
    "pk": 24, 
    "model": "easy_thumbnails.source", 
    "fields": {
        "name": "documents/2014/01/19/DSC04351.JPG", 
        "storage_hash": "f9bde26a1556cd667f742bd34ec7c55e", 
        "modified": "2014-01-19T07:20:38Z"
    }
},
{
    "pk": 25, 
    "model": "easy_thumbnails.source", 
    "fields": {
        "name": "documents/2014/01/19/DSC_0861.JPG", 
        "storage_hash": "f9bde26a1556cd667f742bd34ec7c55e", 
        "modified": "2014-01-19T10:53:05Z"
    }
},
{
    "pk": 26, 
    "model": "easy_thumbnails.source", 
    "fields": {
        "name": "documents/2014/01/19/abcd.png", 
        "storage_hash": "f9bde26a1556cd667f742bd34ec7c55e", 
        "modified": "2014-01-19T11:21:20Z"
    }
},
{
    "pk": 27, 
    "model": "easy_thumbnails.source", 
    "fields": {
        "name": "documents/2014/01/19/1000283_505100239543927_1332860136_n.jpg", 
        "storage_hash": "f9bde26a1556cd667f742bd34ec7c55e", 
        "modified": "2014-01-19T11:22:13Z"
    }
},
{
    "pk": 28, 
    "model": "easy_thumbnails.source", 
    "fields": {
        "name": "documents/2014/01/19/IMG-20140112-WA0004.jpg", 
        "storage_hash": "f9bde26a1556cd667f742bd34ec7c55e", 
        "modified": "2014-01-19T12:15:53Z"
    }
},
{
    "pk": 29, 
    "model": "easy_thumbnails.source", 
    "fields": {
        "name": "documents/2014/01/20/20140118_232403.jpg", 
        "storage_hash": "f9bde26a1556cd667f742bd34ec7c55e", 
        "modified": "2014-01-19T19:12:05Z"
    }
},
{
    "pk": 30, 
    "model": "easy_thumbnails.source", 
    "fields": {
        "name": "documents/2014/01/20/devil_may_cry-HD.jpg", 
        "storage_hash": "f9bde26a1556cd667f742bd34ec7c55e", 
        "modified": "2014-01-20T06:49:01Z"
    }
},
{
    "pk": 31, 
    "model": "easy_thumbnails.source", 
    "fields": {
        "name": "documents/2014/01/20/picture004_2.jpg", 
        "storage_hash": "f9bde26a1556cd667f742bd34ec7c55e", 
        "modified": "2014-01-20T12:31:01Z"
    }
},
{
    "pk": 32, 
    "model": "easy_thumbnails.source", 
    "fields": {
        "name": "documents/2014/01/20/picture004_2_1.jpg", 
        "storage_hash": "f9bde26a1556cd667f742bd34ec7c55e", 
        "modified": "2014-01-20T12:31:35Z"
    }
},
{
    "pk": 33, 
    "model": "easy_thumbnails.source", 
    "fields": {
        "name": "documents/2014/01/20/20140118_232403_1.jpg", 
        "storage_hash": "f9bde26a1556cd667f742bd34ec7c55e", 
        "modified": "2014-01-20T13:18:29Z"
    }
},
{
    "pk": 34, 
    "model": "easy_thumbnails.source", 
    "fields": {
        "name": "documents/2014/01/20/photo_00024.jpg", 
        "storage_hash": "f9bde26a1556cd667f742bd34ec7c55e", 
        "modified": "2014-01-20T15:43:38Z"
    }
},
{
    "pk": 35, 
    "model": "easy_thumbnails.source", 
    "fields": {
        "name": "documents/2014/01/20/Yash.jpg", 
        "storage_hash": "f9bde26a1556cd667f742bd34ec7c55e", 
        "modified": "2014-01-20T16:40:56Z"
    }
},
{
    "pk": 36, 
    "model": "easy_thumbnails.source", 
    "fields": {
        "name": "documents/2014/01/21/me.jpg", 
        "storage_hash": "f9bde26a1556cd667f742bd34ec7c55e", 
        "modified": "2014-01-21T06:20:41Z"
    }
},
{
    "pk": 37, 
    "model": "easy_thumbnails.source", 
    "fields": {
        "name": "documents/2014/01/21/Snapshot_20131228_1.JPG", 
        "storage_hash": "f9bde26a1556cd667f742bd34ec7c55e", 
        "modified": "2014-01-21T12:04:31Z"
    }
},
{
    "pk": 38, 
    "model": "easy_thumbnails.source", 
    "fields": {
        "name": "documents/2014/01/21/IMG_20131125_160806.JPG", 
        "storage_hash": "f9bde26a1556cd667f742bd34ec7c55e", 
        "modified": "2014-01-21T14:59:38Z"
    }
},
{
    "pk": 39, 
    "model": "easy_thumbnails.source", 
    "fields": {
        "name": "documents/2014/01/22/got.jpg", 
        "storage_hash": "f9bde26a1556cd667f742bd34ec7c55e", 
        "modified": "2014-01-22T14:02:25Z"
    }
},
{
    "pk": 40, 
    "model": "easy_thumbnails.source", 
    "fields": {
        "name": "documents/2014/01/23/551205_10201657861481284_1554952743_n.jpg", 
        "storage_hash": "f9bde26a1556cd667f742bd34ec7c55e", 
        "modified": "2014-01-23T14:19:56Z"
    }
},
{
    "pk": 41, 
    "model": "easy_thumbnails.source", 
    "fields": {
        "name": "documents/2014/01/24/Beat.jpg", 
        "storage_hash": "f9bde26a1556cd667f742bd34ec7c55e", 
        "modified": "2014-01-23T21:14:45Z"
    }
},
{
    "pk": 42, 
    "model": "easy_thumbnails.source", 
    "fields": {
        "name": "documents/2014/01/26/35877_411668548215_2090940_n.jpg", 
        "storage_hash": "f9bde26a1556cd667f742bd34ec7c55e", 
        "modified": "2014-01-26T05:08:18Z"
    }
},
{
    "pk": 43, 
    "model": "easy_thumbnails.source", 
    "fields": {
        "name": "documents/2014/02/09/As_on_21-03-2013_Large.JPG", 
        "storage_hash": "f9bde26a1556cd667f742bd34ec7c55e", 
        "modified": "2014-02-09T13:33:47Z"
    }
},
{
    "pk": 1, 
    "model": "easy_thumbnails.thumbnail", 
    "fields": {
        "source": 1, 
        "name": "documents/2014/01/08/Regina_Cassandra_Photos__2.jpg.300x300_q85_detail.jpg", 
        "storage_hash": "d26becbf46ac48eda79c7a39a13a02dd", 
        "modified": "2014-01-08T08:23:06Z"
    }
},
{
    "pk": 2, 
    "model": "easy_thumbnails.thumbnail", 
    "fields": {
        "source": 1, 
        "name": "documents/2014/01/08/Regina_Cassandra_Photos__2.jpg.150x200_q85_box-165,5,1024,1152_crop_detail.jpg", 
        "storage_hash": "d26becbf46ac48eda79c7a39a13a02dd", 
        "modified": "2014-01-08T08:23:24Z"
    }
},
{
    "pk": 3, 
    "model": "easy_thumbnails.thumbnail", 
    "fields": {
        "source": 2, 
        "name": "documents/2014/01/08/aero-f-1030x360.png.300x300_q85_detail.png", 
        "storage_hash": "d26becbf46ac48eda79c7a39a13a02dd", 
        "modified": "2014-01-08T08:27:45Z"
    }
},
{
    "pk": 4, 
    "model": "easy_thumbnails.thumbnail", 
    "fields": {
        "source": 2, 
        "name": "documents/2014/01/08/aero-f-1030x360.png.200x200_q85_box-48,0,409,360_crop_detail.png", 
        "storage_hash": "d26becbf46ac48eda79c7a39a13a02dd", 
        "modified": "2014-01-08T08:28:10Z"
    }
},
{
    "pk": 5, 
    "model": "easy_thumbnails.thumbnail", 
    "fields": {
        "source": 2, 
        "name": "documents/2014/01/08/aero-f-1030x360.png.1024x300_q85_box-0,27,1030,329_crop_detail.png", 
        "storage_hash": "d26becbf46ac48eda79c7a39a13a02dd", 
        "modified": "2014-01-08T08:28:14Z"
    }
},
{
    "pk": 6, 
    "model": "easy_thumbnails.thumbnail", 
    "fields": {
        "source": 3, 
        "name": "documents/2014/01/08/amala-paul-0a.jpg.300x300_q85_detail.jpg", 
        "storage_hash": "d26becbf46ac48eda79c7a39a13a02dd", 
        "modified": "2014-01-08T08:36:12Z"
    }
},
{
    "pk": 7, 
    "model": "easy_thumbnails.thumbnail", 
    "fields": {
        "source": 3, 
        "name": "documents/2014/01/08/amala-paul-0a.jpg.150x200_q85_box-768,0,1579,1080_crop_detail.jpg", 
        "storage_hash": "d26becbf46ac48eda79c7a39a13a02dd", 
        "modified": "2014-01-08T08:36:21Z"
    }
},
{
    "pk": 8, 
    "model": "easy_thumbnails.thumbnail", 
    "fields": {
        "source": 4, 
        "name": "documents/2014/01/09/yami-gautam-15a.jpg.150x200_q85_box-165,5,1024,1152_crop_detail.jpg", 
        "storage_hash": "d26becbf46ac48eda79c7a39a13a02dd", 
        "modified": "2014-01-08T20:35:14Z"
    }
},
{
    "pk": 9, 
    "model": "easy_thumbnails.thumbnail", 
    "fields": {
        "source": 4, 
        "name": "documents/2014/01/09/yami-gautam-15a.jpg.300x300_q85_detail.jpg", 
        "storage_hash": "d26becbf46ac48eda79c7a39a13a02dd", 
        "modified": "2014-01-08T20:35:17Z"
    }
},
{
    "pk": 10, 
    "model": "easy_thumbnails.thumbnail", 
    "fields": {
        "source": 4, 
        "name": "documents/2014/01/09/yami-gautam-15a.jpg.150x200_q85_box-787,6,1594,1080_crop_detail.jpg", 
        "storage_hash": "d26becbf46ac48eda79c7a39a13a02dd", 
        "modified": "2014-01-08T20:35:57Z"
    }
},
{
    "pk": 11, 
    "model": "easy_thumbnails.thumbnail", 
    "fields": {
        "source": 5, 
        "name": "documents/2014/01/09/kajal-agarwal-11a_1.jpg.200x200_q85_crop_detail.jpg", 
        "storage_hash": "d26becbf46ac48eda79c7a39a13a02dd", 
        "modified": "2014-01-08T20:38:06Z"
    }
},
{
    "pk": 12, 
    "model": "easy_thumbnails.thumbnail", 
    "fields": {
        "source": 5, 
        "name": "documents/2014/01/09/kajal-agarwal-11a_1.jpg.1024x300_q85_crop_detail.jpg", 
        "storage_hash": "d26becbf46ac48eda79c7a39a13a02dd", 
        "modified": "2014-01-08T20:38:10Z"
    }
},
{
    "pk": 13, 
    "model": "easy_thumbnails.thumbnail", 
    "fields": {
        "source": 5, 
        "name": "documents/2014/01/09/kajal-agarwal-11a_1.jpg.300x300_q85_detail.jpg", 
        "storage_hash": "d26becbf46ac48eda79c7a39a13a02dd", 
        "modified": "2014-01-08T20:38:19Z"
    }
},
{
    "pk": 14, 
    "model": "easy_thumbnails.thumbnail", 
    "fields": {
        "source": 5, 
        "name": "documents/2014/01/09/kajal-agarwal-11a_1.jpg.1024x300_q85_box-0,6,1920,568_crop_detail.jpg", 
        "storage_hash": "d26becbf46ac48eda79c7a39a13a02dd", 
        "modified": "2014-01-08T20:38:29Z"
    }
},
{
    "pk": 15, 
    "model": "easy_thumbnails.thumbnail", 
    "fields": {
        "source": 5, 
        "name": "documents/2014/01/09/kajal-agarwal-11a_1.jpg.200x200_q85_box-422,0,1504,1080_crop_detail.jpg", 
        "storage_hash": "d26becbf46ac48eda79c7a39a13a02dd", 
        "modified": "2014-01-08T20:39:09Z"
    }
},
{
    "pk": 16, 
    "model": "easy_thumbnails.thumbnail", 
    "fields": {
        "source": 6, 
        "name": "documents/2014/01/09/Screenshot-2.png.300x300_q85_detail.jpg", 
        "storage_hash": "d26becbf46ac48eda79c7a39a13a02dd", 
        "modified": "2014-01-09T04:30:46Z"
    }
},
{
    "pk": 17, 
    "model": "easy_thumbnails.thumbnail", 
    "fields": {
        "source": 6, 
        "name": "documents/2014/01/09/Screenshot-2.png.150x200_q85_box-371,158,906,870_crop_detail.jpg", 
        "storage_hash": "d26becbf46ac48eda79c7a39a13a02dd", 
        "modified": "2014-01-09T04:31:10Z"
    }
},
{
    "pk": 18, 
    "model": "easy_thumbnails.thumbnail", 
    "fields": {
        "source": 5, 
        "name": "documents/2014/01/09/kajal-agarwal-11a_1.jpg.200x200_q85_box-614,0,1696,1080_crop_detail.jpg", 
        "storage_hash": "d26becbf46ac48eda79c7a39a13a02dd", 
        "modified": "2014-01-09T04:53:54Z"
    }
},
{
    "pk": 19, 
    "model": "easy_thumbnails.thumbnail", 
    "fields": {
        "source": 7, 
        "name": "documents/2014/01/09/Windows-7-Themes_2.jpg.300x300_q85_detail.jpg", 
        "storage_hash": "d26becbf46ac48eda79c7a39a13a02dd", 
        "modified": "2014-01-09T05:01:59Z"
    }
},
{
    "pk": 20, 
    "model": "easy_thumbnails.thumbnail", 
    "fields": {
        "source": 7, 
        "name": "documents/2014/01/09/Windows-7-Themes_2.jpg.200x200_q85_box-672,0,1344,670_crop_detail.jpg", 
        "storage_hash": "d26becbf46ac48eda79c7a39a13a02dd", 
        "modified": "2014-01-09T05:02:27Z"
    }
},
{
    "pk": 21, 
    "model": "easy_thumbnails.thumbnail", 
    "fields": {
        "source": 7, 
        "name": "documents/2014/01/09/Windows-7-Themes_2.jpg.1024x300_q85_box-0,4,1344,397_crop_detail.jpg", 
        "storage_hash": "d26becbf46ac48eda79c7a39a13a02dd", 
        "modified": "2014-01-09T05:02:30Z"
    }
},
{
    "pk": 22, 
    "model": "easy_thumbnails.thumbnail", 
    "fields": {
        "source": 8, 
        "name": "documents/2014/01/09/hobit.png.300x300_q85_detail.jpg", 
        "storage_hash": "d26becbf46ac48eda79c7a39a13a02dd", 
        "modified": "2014-01-09T12:57:00Z"
    }
},
{
    "pk": 23, 
    "model": "easy_thumbnails.thumbnail", 
    "fields": {
        "source": 8, 
        "name": "documents/2014/01/09/hobit.png.150x200_q85_box-45,2,449,540_crop_detail.jpg", 
        "storage_hash": "d26becbf46ac48eda79c7a39a13a02dd", 
        "modified": "2014-01-09T12:57:18Z"
    }
},
{
    "pk": 24, 
    "model": "easy_thumbnails.thumbnail", 
    "fields": {
        "source": 9, 
        "name": "documents/2014/01/11/pp.jpg.300x300_q85_detail.jpg", 
        "storage_hash": "d26becbf46ac48eda79c7a39a13a02dd", 
        "modified": "2014-01-10T18:30:03Z"
    }
},
{
    "pk": 25, 
    "model": "easy_thumbnails.thumbnail", 
    "fields": {
        "source": 10, 
        "name": "documents/2014/01/11/1175138_585553134821255_1428185248_n.jpg.300x300_q85_detail.jpg", 
        "storage_hash": "d26becbf46ac48eda79c7a39a13a02dd", 
        "modified": "2014-01-11T11:09:07Z"
    }
},
{
    "pk": 26, 
    "model": "easy_thumbnails.thumbnail", 
    "fields": {
        "source": 10, 
        "name": "documents/2014/01/11/1175138_585553134821255_1428185248_n.jpg.150x200_q85_crop_detail.jpg", 
        "storage_hash": "d26becbf46ac48eda79c7a39a13a02dd", 
        "modified": "2014-01-11T11:09:12Z"
    }
},
{
    "pk": 27, 
    "model": "easy_thumbnails.thumbnail", 
    "fields": {
        "source": 7, 
        "name": "documents/2014/01/09/Windows-7-Themes_2.jpg.200x200_q85_box-0,0,672,670_crop_detail.jpg", 
        "storage_hash": "d26becbf46ac48eda79c7a39a13a02dd", 
        "modified": "2014-01-11T12:39:43Z"
    }
},
{
    "pk": 28, 
    "model": "easy_thumbnails.thumbnail", 
    "fields": {
        "source": 11, 
        "name": "documents/2014/01/11/Lan_del_rey.jpg.150x200_q85_box-787,6,1594,1080_crop_detail.jpg", 
        "storage_hash": "d26becbf46ac48eda79c7a39a13a02dd", 
        "modified": "2014-01-11T13:42:14Z"
    }
},
{
    "pk": 29, 
    "model": "easy_thumbnails.thumbnail", 
    "fields": {
        "source": 11, 
        "name": "documents/2014/01/11/Lan_del_rey.jpg.300x300_q85_detail.jpg", 
        "storage_hash": "d26becbf46ac48eda79c7a39a13a02dd", 
        "modified": "2014-01-11T13:42:38Z"
    }
},
{
    "pk": 30, 
    "model": "easy_thumbnails.thumbnail", 
    "fields": {
        "source": 11, 
        "name": "documents/2014/01/11/Lan_del_rey.jpg.150x200_q85_box-567,7,1667,1476_crop_detail.jpg", 
        "storage_hash": "d26becbf46ac48eda79c7a39a13a02dd", 
        "modified": "2014-01-11T18:33:32Z"
    }
},
{
    "pk": 31, 
    "model": "easy_thumbnails.thumbnail", 
    "fields": {
        "source": 10, 
        "name": "documents/2014/01/11/1175138_585553134821255_1428185248_n.jpg.150x200_q85_box-227,0,705,637_crop_detail.jpg", 
        "storage_hash": "d26becbf46ac48eda79c7a39a13a02dd", 
        "modified": "2014-01-11T19:41:32Z"
    }
},
{
    "pk": 32, 
    "model": "easy_thumbnails.thumbnail", 
    "fields": {
        "source": 12, 
        "name": "documents/2014/01/14/1524282_10201929502412844_432557236_o.jpg.300x300_q85_detail.jpg", 
        "storage_hash": "d26becbf46ac48eda79c7a39a13a02dd", 
        "modified": "2014-01-13T22:22:23Z"
    }
},
{
    "pk": 33, 
    "model": "easy_thumbnails.thumbnail", 
    "fields": {
        "source": 12, 
        "name": "documents/2014/01/14/1524282_10201929502412844_432557236_o.jpg.150x200_q85_crop_detail.jpg", 
        "storage_hash": "d26becbf46ac48eda79c7a39a13a02dd", 
        "modified": "2014-01-13T22:22:52Z"
    }
},
{
    "pk": 34, 
    "model": "easy_thumbnails.thumbnail", 
    "fields": {
        "source": 13, 
        "name": "documents/2014/01/14/Harry-Potter-1-.jpg.300x300_q85_detail.jpg", 
        "storage_hash": "d26becbf46ac48eda79c7a39a13a02dd", 
        "modified": "2014-01-13T22:24:06Z"
    }
},
{
    "pk": 35, 
    "model": "easy_thumbnails.thumbnail", 
    "fields": {
        "source": 13, 
        "name": "documents/2014/01/14/Harry-Potter-1-.jpg.150x200_q85_box-49,3,325,370_crop_detail.jpg", 
        "storage_hash": "d26becbf46ac48eda79c7a39a13a02dd", 
        "modified": "2014-01-13T22:24:23Z"
    }
},
{
    "pk": 36, 
    "model": "easy_thumbnails.thumbnail", 
    "fields": {
        "source": 14, 
        "name": "documents/2014/01/14/Harry-Potter-1-_1.jpg.300x300_q85_detail.jpg", 
        "storage_hash": "d26becbf46ac48eda79c7a39a13a02dd", 
        "modified": "2014-01-14T16:19:23Z"
    }
},
{
    "pk": 37, 
    "model": "easy_thumbnails.thumbnail", 
    "fields": {
        "source": 14, 
        "name": "documents/2014/01/14/Harry-Potter-1-_1.jpg.150x200_q85_crop_detail.jpg", 
        "storage_hash": "d26becbf46ac48eda79c7a39a13a02dd", 
        "modified": "2014-01-14T16:19:29Z"
    }
},
{
    "pk": 38, 
    "model": "easy_thumbnails.thumbnail", 
    "fields": {
        "source": 13, 
        "name": "documents/2014/01/14/Harry-Potter-1-.jpg.150x200_q85_box-63,0,338,367_crop_detail.jpg", 
        "storage_hash": "d26becbf46ac48eda79c7a39a13a02dd", 
        "modified": "2014-01-16T09:50:11Z"
    }
},
{
    "pk": 39, 
    "model": "easy_thumbnails.thumbnail", 
    "fields": {
        "source": 15, 
        "name": "documents/2014/01/18/transformers-wallpapers-9.jpg.300x300_q85_detail.jpg", 
        "storage_hash": "d26becbf46ac48eda79c7a39a13a02dd", 
        "modified": "2014-01-18T10:12:16Z"
    }
},
{
    "pk": 40, 
    "model": "easy_thumbnails.thumbnail", 
    "fields": {
        "source": 15, 
        "name": "documents/2014/01/18/transformers-wallpapers-9.jpg.200x200_q85_box-352,0,1555,1200_crop_detail.jpg", 
        "storage_hash": "d26becbf46ac48eda79c7a39a13a02dd", 
        "modified": "2014-01-18T10:15:08Z"
    }
},
{
    "pk": 41, 
    "model": "easy_thumbnails.thumbnail", 
    "fields": {
        "source": 15, 
        "name": "documents/2014/01/18/transformers-wallpapers-9.jpg.1024x300_q85_box-0,0,1920,561_crop_detail.jpg", 
        "storage_hash": "d26becbf46ac48eda79c7a39a13a02dd", 
        "modified": "2014-01-18T10:15:12Z"
    }
},
{
    "pk": 42, 
    "model": "easy_thumbnails.thumbnail", 
    "fields": {
        "source": 11, 
        "name": "documents/2014/01/11/Lan_del_rey.jpg.150x200_q85_box-546,7,1647,1476_crop_detail.jpg", 
        "storage_hash": "d26becbf46ac48eda79c7a39a13a02dd", 
        "modified": "2014-01-18T12:59:52Z"
    }
},
{
    "pk": 43, 
    "model": "easy_thumbnails.thumbnail", 
    "fields": {
        "source": 16, 
        "name": "documents/2014/01/18/ctdisp_r.gif.1024x300_q85_crop_detail.jpg", 
        "storage_hash": "d26becbf46ac48eda79c7a39a13a02dd", 
        "modified": "2014-01-18T17:34:17Z"
    }
},
{
    "pk": 44, 
    "model": "easy_thumbnails.thumbnail", 
    "fields": {
        "source": 17, 
        "name": "documents/2014/01/18/index.jpeg.200x200_q85_crop_detail.jpg", 
        "storage_hash": "d26becbf46ac48eda79c7a39a13a02dd", 
        "modified": "2014-01-18T17:34:25Z"
    }
},
{
    "pk": 45, 
    "model": "easy_thumbnails.thumbnail", 
    "fields": {
        "source": 16, 
        "name": "documents/2014/01/18/ctdisp_r.gif.200x200_q85_crop_detail.jpg", 
        "storage_hash": "d26becbf46ac48eda79c7a39a13a02dd", 
        "modified": "2014-01-18T17:34:25Z"
    }
},
{
    "pk": 46, 
    "model": "easy_thumbnails.thumbnail", 
    "fields": {
        "source": 18, 
        "name": "documents/2014/01/18/images.jpeg.200x200_q85_crop_detail.jpg", 
        "storage_hash": "d26becbf46ac48eda79c7a39a13a02dd", 
        "modified": "2014-01-18T17:34:25Z"
    }
},
{
    "pk": 47, 
    "model": "easy_thumbnails.thumbnail", 
    "fields": {
        "source": 17, 
        "name": "documents/2014/01/18/index.jpeg.1024x300_q85_crop_detail.jpg", 
        "storage_hash": "d26becbf46ac48eda79c7a39a13a02dd", 
        "modified": "2014-01-18T17:34:42Z"
    }
},
{
    "pk": 48, 
    "model": "easy_thumbnails.thumbnail", 
    "fields": {
        "source": 19, 
        "name": "documents/2014/01/18/sensors_color_mixed.gif.200x200_q85_crop_detail.jpg", 
        "storage_hash": "d26becbf46ac48eda79c7a39a13a02dd", 
        "modified": "2014-01-18T17:35:00Z"
    }
},
{
    "pk": 49, 
    "model": "easy_thumbnails.thumbnail", 
    "fields": {
        "source": 19, 
        "name": "documents/2014/01/18/sensors_color_mixed.gif.1024x300_q85_crop_detail.jpg", 
        "storage_hash": "d26becbf46ac48eda79c7a39a13a02dd", 
        "modified": "2014-01-18T17:35:05Z"
    }
},
{
    "pk": 50, 
    "model": "easy_thumbnails.thumbnail", 
    "fields": {
        "source": 18, 
        "name": "documents/2014/01/18/images.jpeg.1024x300_q85_crop_detail.jpg", 
        "storage_hash": "d26becbf46ac48eda79c7a39a13a02dd", 
        "modified": "2014-01-18T17:35:19Z"
    }
},
{
    "pk": 51, 
    "model": "easy_thumbnails.thumbnail", 
    "fields": {
        "source": 18, 
        "name": "documents/2014/01/18/images.jpeg.300x300_q85_detail.jpg", 
        "storage_hash": "d26becbf46ac48eda79c7a39a13a02dd", 
        "modified": "2014-01-18T17:41:00Z"
    }
},
{
    "pk": 52, 
    "model": "easy_thumbnails.thumbnail", 
    "fields": {
        "source": 16, 
        "name": "documents/2014/01/18/ctdisp_r.gif.300x300_q85_detail.jpg", 
        "storage_hash": "d26becbf46ac48eda79c7a39a13a02dd", 
        "modified": "2014-01-18T17:43:55Z"
    }
},
{
    "pk": 53, 
    "model": "easy_thumbnails.thumbnail", 
    "fields": {
        "source": 17, 
        "name": "documents/2014/01/18/index.jpeg.300x300_q85_detail.jpg", 
        "storage_hash": "d26becbf46ac48eda79c7a39a13a02dd", 
        "modified": "2014-01-18T17:44:12Z"
    }
},
{
    "pk": 54, 
    "model": "easy_thumbnails.thumbnail", 
    "fields": {
        "source": 19, 
        "name": "documents/2014/01/18/sensors_color_mixed.gif.300x300_q85_detail.jpg", 
        "storage_hash": "d26becbf46ac48eda79c7a39a13a02dd", 
        "modified": "2014-01-18T17:44:21Z"
    }
},
{
    "pk": 55, 
    "model": "easy_thumbnails.thumbnail", 
    "fields": {
        "source": 20, 
        "name": "documents/2014/01/19/WP_20140114_003.jpg.300x300_q85_detail.jpg", 
        "storage_hash": "d26becbf46ac48eda79c7a39a13a02dd", 
        "modified": "2014-01-18T19:36:51Z"
    }
},
{
    "pk": 56, 
    "model": "easy_thumbnails.thumbnail", 
    "fields": {
        "source": 20, 
        "name": "documents/2014/01/19/WP_20140114_003.jpg.150x200_q85_box-0,0,916,1219_crop_detail.jpg", 
        "storage_hash": "d26becbf46ac48eda79c7a39a13a02dd", 
        "modified": "2014-01-18T19:37:41Z"
    }
},
{
    "pk": 57, 
    "model": "easy_thumbnails.thumbnail", 
    "fields": {
        "source": 21, 
        "name": "documents/2014/01/19/327966_243851288984485_99549_o.jpg.300x300_q85_detail.jpg", 
        "storage_hash": "d26becbf46ac48eda79c7a39a13a02dd", 
        "modified": "2014-01-18T19:38:17Z"
    }
},
{
    "pk": 58, 
    "model": "easy_thumbnails.thumbnail", 
    "fields": {
        "source": 22, 
        "name": "documents/2014/01/19/Aksb.jpg.300x300_q85_detail.jpg", 
        "storage_hash": "d26becbf46ac48eda79c7a39a13a02dd", 
        "modified": "2014-01-18T19:40:56Z"
    }
},
{
    "pk": 59, 
    "model": "easy_thumbnails.thumbnail", 
    "fields": {
        "source": 22, 
        "name": "documents/2014/01/19/Aksb.jpg.150x200_q85_crop_detail.jpg", 
        "storage_hash": "d26becbf46ac48eda79c7a39a13a02dd", 
        "modified": "2014-01-18T19:41:01Z"
    }
},
{
    "pk": 60, 
    "model": "easy_thumbnails.thumbnail", 
    "fields": {
        "source": 21, 
        "name": "documents/2014/01/19/327966_243851288984485_99549_o.jpg.150x200_q85_box-0,368,924,1600_crop_detail.jpg", 
        "storage_hash": "d26becbf46ac48eda79c7a39a13a02dd", 
        "modified": "2014-01-18T19:43:52Z"
    }
},
{
    "pk": 61, 
    "model": "easy_thumbnails.thumbnail", 
    "fields": {
        "source": 23, 
        "name": "documents/2014/01/19/DSC03463.JPG.300x300_q85_detail.jpg", 
        "storage_hash": "d26becbf46ac48eda79c7a39a13a02dd", 
        "modified": "2014-01-18T21:41:28Z"
    }
},
{
    "pk": 62, 
    "model": "easy_thumbnails.thumbnail", 
    "fields": {
        "source": 23, 
        "name": "documents/2014/01/19/DSC03463.JPG.150x200_q85_crop_detail.jpg", 
        "storage_hash": "d26becbf46ac48eda79c7a39a13a02dd", 
        "modified": "2014-01-18T21:41:49Z"
    }
},
{
    "pk": 63, 
    "model": "easy_thumbnails.thumbnail", 
    "fields": {
        "source": 24, 
        "name": "documents/2014/01/19/DSC04351.JPG.300x300_q85_detail.jpg", 
        "storage_hash": "d26becbf46ac48eda79c7a39a13a02dd", 
        "modified": "2014-01-19T07:20:40Z"
    }
},
{
    "pk": 64, 
    "model": "easy_thumbnails.thumbnail", 
    "fields": {
        "source": 18, 
        "name": "documents/2014/01/18/images.jpeg.200x200_q85_box-33,0,227,194_crop_detail.jpg", 
        "storage_hash": "d26becbf46ac48eda79c7a39a13a02dd", 
        "modified": "2014-01-19T07:22:15Z"
    }
},
{
    "pk": 65, 
    "model": "easy_thumbnails.thumbnail", 
    "fields": {
        "source": 24, 
        "name": "documents/2014/01/19/DSC04351.JPG.150x200_q85_box-0,0,3000,4000_crop_detail.jpg", 
        "storage_hash": "d26becbf46ac48eda79c7a39a13a02dd", 
        "modified": "2014-01-19T07:25:29Z"
    }
},
{
    "pk": 66, 
    "model": "easy_thumbnails.thumbnail", 
    "fields": {
        "source": 18, 
        "name": "documents/2014/01/18/images.jpeg.1024x300_q85_box-0,59,259,135_crop_detail.jpg", 
        "storage_hash": "d26becbf46ac48eda79c7a39a13a02dd", 
        "modified": "2014-01-19T08:02:41Z"
    }
},
{
    "pk": 67, 
    "model": "easy_thumbnails.thumbnail", 
    "fields": {
        "source": 25, 
        "name": "documents/2014/01/19/DSC_0861.JPG.300x300_q85_detail.jpg", 
        "storage_hash": "d26becbf46ac48eda79c7a39a13a02dd", 
        "modified": "2014-01-19T10:53:06Z"
    }
},
{
    "pk": 68, 
    "model": "easy_thumbnails.thumbnail", 
    "fields": {
        "source": 26, 
        "name": "documents/2014/01/19/abcd.png.300x300_q85_detail.png", 
        "storage_hash": "d26becbf46ac48eda79c7a39a13a02dd", 
        "modified": "2014-01-19T11:21:20Z"
    }
},
{
    "pk": 69, 
    "model": "easy_thumbnails.thumbnail", 
    "fields": {
        "source": 26, 
        "name": "documents/2014/01/19/abcd.png.150x200_q85_box-75,0,361,381_crop_detail.png", 
        "storage_hash": "d26becbf46ac48eda79c7a39a13a02dd", 
        "modified": "2014-01-19T11:21:51Z"
    }
},
{
    "pk": 70, 
    "model": "easy_thumbnails.thumbnail", 
    "fields": {
        "source": 27, 
        "name": "documents/2014/01/19/1000283_505100239543927_1332860136_n.jpg.300x300_q85_detail.jpg", 
        "storage_hash": "d26becbf46ac48eda79c7a39a13a02dd", 
        "modified": "2014-01-19T11:22:13Z"
    }
},
{
    "pk": 71, 
    "model": "easy_thumbnails.thumbnail", 
    "fields": {
        "source": 27, 
        "name": "documents/2014/01/19/1000283_505100239543927_1332860136_n.jpg.150x200_q85_crop_detail.jpg", 
        "storage_hash": "d26becbf46ac48eda79c7a39a13a02dd", 
        "modified": "2014-01-19T11:26:16Z"
    }
},
{
    "pk": 72, 
    "model": "easy_thumbnails.thumbnail", 
    "fields": {
        "source": 28, 
        "name": "documents/2014/01/19/IMG-20140112-WA0004.jpg.300x300_q85_detail.jpg", 
        "storage_hash": "d26becbf46ac48eda79c7a39a13a02dd", 
        "modified": "2014-01-19T12:15:53Z"
    }
},
{
    "pk": 73, 
    "model": "easy_thumbnails.thumbnail", 
    "fields": {
        "source": 28, 
        "name": "documents/2014/01/19/IMG-20140112-WA0004.jpg.150x200_q85_crop_detail.jpg", 
        "storage_hash": "d26becbf46ac48eda79c7a39a13a02dd", 
        "modified": "2014-01-19T12:15:57Z"
    }
},
{
    "pk": 74, 
    "model": "easy_thumbnails.thumbnail", 
    "fields": {
        "source": 19, 
        "name": "documents/2014/01/18/sensors_color_mixed.gif.200x200_q85_box-4,0,247,243_crop_detail.jpg", 
        "storage_hash": "d26becbf46ac48eda79c7a39a13a02dd", 
        "modified": "2014-01-19T12:29:52Z"
    }
},
{
    "pk": 75, 
    "model": "easy_thumbnails.thumbnail", 
    "fields": {
        "source": 17, 
        "name": "documents/2014/01/18/index.jpeg.200x200_q85_box-86,0,240,154_crop_detail.jpg", 
        "storage_hash": "d26becbf46ac48eda79c7a39a13a02dd", 
        "modified": "2014-01-19T12:29:52Z"
    }
},
{
    "pk": 76, 
    "model": "easy_thumbnails.thumbnail", 
    "fields": {
        "source": 16, 
        "name": "documents/2014/01/18/ctdisp_r.gif.200x200_q85_box-0,0,300,300_crop_detail.jpg", 
        "storage_hash": "d26becbf46ac48eda79c7a39a13a02dd", 
        "modified": "2014-01-19T12:29:52Z"
    }
},
{
    "pk": 77, 
    "model": "easy_thumbnails.thumbnail", 
    "fields": {
        "source": 17, 
        "name": "documents/2014/01/18/index.jpeg.1024x300_q85_box-0,29,326,125_crop_detail.jpg", 
        "storage_hash": "d26becbf46ac48eda79c7a39a13a02dd", 
        "modified": "2014-01-19T12:29:54Z"
    }
},
{
    "pk": 78, 
    "model": "easy_thumbnails.thumbnail", 
    "fields": {
        "source": 19, 
        "name": "documents/2014/01/18/sensors_color_mixed.gif.1024x300_q85_box-0,85,250,158_crop_detail.jpg", 
        "storage_hash": "d26becbf46ac48eda79c7a39a13a02dd", 
        "modified": "2014-01-19T12:30:22Z"
    }
},
{
    "pk": 79, 
    "model": "easy_thumbnails.thumbnail", 
    "fields": {
        "source": 16, 
        "name": "documents/2014/01/18/ctdisp_r.gif.1024x300_q85_box-0,106,300,194_crop_detail.jpg", 
        "storage_hash": "d26becbf46ac48eda79c7a39a13a02dd", 
        "modified": "2014-01-19T12:31:39Z"
    }
},
{
    "pk": 80, 
    "model": "easy_thumbnails.thumbnail", 
    "fields": {
        "source": 29, 
        "name": "documents/2014/01/20/20140118_232403.jpg.300x300_q85_detail.jpg", 
        "storage_hash": "d26becbf46ac48eda79c7a39a13a02dd", 
        "modified": "2014-01-19T19:12:06Z"
    }
},
{
    "pk": 81, 
    "model": "easy_thumbnails.thumbnail", 
    "fields": {
        "source": 29, 
        "name": "documents/2014/01/20/20140118_232403.jpg.150x200_q85_box-0,165,2048,1030_crop_detail.jpg", 
        "storage_hash": "d26becbf46ac48eda79c7a39a13a02dd", 
        "modified": "2014-01-19T19:13:09Z"
    }
},
{
    "pk": 82, 
    "model": "easy_thumbnails.thumbnail", 
    "fields": {
        "source": 29, 
        "name": "documents/2014/01/20/20140118_232403.jpg.150x200_q85_box-315,238,1745,842_crop_detail.jpg", 
        "storage_hash": "d26becbf46ac48eda79c7a39a13a02dd", 
        "modified": "2014-01-19T19:14:50Z"
    }
},
{
    "pk": 83, 
    "model": "easy_thumbnails.thumbnail", 
    "fields": {
        "source": 30, 
        "name": "documents/2014/01/20/devil_may_cry-HD.jpg.300x300_q85_detail.jpg", 
        "storage_hash": "d26becbf46ac48eda79c7a39a13a02dd", 
        "modified": "2014-01-20T06:49:02Z"
    }
},
{
    "pk": 84, 
    "model": "easy_thumbnails.thumbnail", 
    "fields": {
        "source": 30, 
        "name": "documents/2014/01/20/devil_may_cry-HD.jpg.150x200_q85_box-365,6,1171,1080_crop_detail.jpg", 
        "storage_hash": "d26becbf46ac48eda79c7a39a13a02dd", 
        "modified": "2014-01-20T06:49:19Z"
    }
},
{
    "pk": 85, 
    "model": "easy_thumbnails.thumbnail", 
    "fields": {
        "source": 23, 
        "name": "documents/2014/01/19/DSC03463.JPG.150x200_q85_box-0,0,3240,4320_crop_detail.jpg", 
        "storage_hash": "d26becbf46ac48eda79c7a39a13a02dd", 
        "modified": "2014-01-20T12:23:46Z"
    }
},
{
    "pk": 86, 
    "model": "easy_thumbnails.thumbnail", 
    "fields": {
        "source": 31, 
        "name": "documents/2014/01/20/picture004_2.jpg.300x300_q85_detail.jpg", 
        "storage_hash": "d26becbf46ac48eda79c7a39a13a02dd", 
        "modified": "2014-01-20T12:31:02Z"
    }
},
{
    "pk": 87, 
    "model": "easy_thumbnails.thumbnail", 
    "fields": {
        "source": 32, 
        "name": "documents/2014/01/20/picture004_2_1.jpg.300x300_q85_detail.jpg", 
        "storage_hash": "d26becbf46ac48eda79c7a39a13a02dd", 
        "modified": "2014-01-20T12:31:35Z"
    }
},
{
    "pk": 88, 
    "model": "easy_thumbnails.thumbnail", 
    "fields": {
        "source": 32, 
        "name": "documents/2014/01/20/picture004_2_1.jpg.150x200_q85_box-30,21,541,701_crop_detail.jpg", 
        "storage_hash": "d26becbf46ac48eda79c7a39a13a02dd", 
        "modified": "2014-01-20T12:32:42Z"
    }
},
{
    "pk": 89, 
    "model": "easy_thumbnails.thumbnail", 
    "fields": {
        "source": 25, 
        "name": "documents/2014/01/19/DSC_0861.JPG.150x200_q85_box-426,374,2411,3024_crop_detail.jpg", 
        "storage_hash": "d26becbf46ac48eda79c7a39a13a02dd", 
        "modified": "2014-01-20T12:43:50Z"
    }
},
{
    "pk": 90, 
    "model": "easy_thumbnails.thumbnail", 
    "fields": {
        "source": 29, 
        "name": "documents/2014/01/20/20140118_232403.jpg.150x200_q85_box-485,300,1478,719_crop_detail.jpg", 
        "storage_hash": "d26becbf46ac48eda79c7a39a13a02dd", 
        "modified": "2014-01-20T13:16:49Z"
    }
},
{
    "pk": 91, 
    "model": "easy_thumbnails.thumbnail", 
    "fields": {
        "source": 33, 
        "name": "documents/2014/01/20/20140118_232403_1.jpg.300x300_q85_detail.jpg", 
        "storage_hash": "d26becbf46ac48eda79c7a39a13a02dd", 
        "modified": "2014-01-20T13:18:30Z"
    }
},
{
    "pk": 92, 
    "model": "easy_thumbnails.thumbnail", 
    "fields": {
        "source": 33, 
        "name": "documents/2014/01/20/20140118_232403_1.jpg.150x200_q85_box-485,300,1478,719_crop_detail.jpg", 
        "storage_hash": "d26becbf46ac48eda79c7a39a13a02dd", 
        "modified": "2014-01-20T13:18:34Z"
    }
},
{
    "pk": 93, 
    "model": "easy_thumbnails.thumbnail", 
    "fields": {
        "source": 34, 
        "name": "documents/2014/01/20/photo_00024.jpg.300x300_q85_detail.jpg", 
        "storage_hash": "d26becbf46ac48eda79c7a39a13a02dd", 
        "modified": "2014-01-20T15:43:39Z"
    }
},
{
    "pk": 94, 
    "model": "easy_thumbnails.thumbnail", 
    "fields": {
        "source": 35, 
        "name": "documents/2014/01/20/Yash.jpg.300x300_q85_detail.jpg", 
        "storage_hash": "d26becbf46ac48eda79c7a39a13a02dd", 
        "modified": "2014-01-20T16:40:57Z"
    }
},
{
    "pk": 95, 
    "model": "easy_thumbnails.thumbnail", 
    "fields": {
        "source": 35, 
        "name": "documents/2014/01/20/Yash.jpg.150x200_q85_crop_detail.jpg", 
        "storage_hash": "d26becbf46ac48eda79c7a39a13a02dd", 
        "modified": "2014-01-20T16:50:18Z"
    }
},
{
    "pk": 96, 
    "model": "easy_thumbnails.thumbnail", 
    "fields": {
        "source": 34, 
        "name": "documents/2014/01/20/photo_00024.jpg.150x200_q85_box-371,0,912,720_crop_detail.jpg", 
        "storage_hash": "d26becbf46ac48eda79c7a39a13a02dd", 
        "modified": "2014-01-20T18:04:34Z"
    }
},
{
    "pk": 97, 
    "model": "easy_thumbnails.thumbnail", 
    "fields": {
        "source": 36, 
        "name": "documents/2014/01/21/me.jpg.300x300_q85_detail.jpg", 
        "storage_hash": "d26becbf46ac48eda79c7a39a13a02dd", 
        "modified": "2014-01-21T06:20:41Z"
    }
},
{
    "pk": 98, 
    "model": "easy_thumbnails.thumbnail", 
    "fields": {
        "source": 36, 
        "name": "documents/2014/01/21/me.jpg.150x200_q85_box-0,15,338,466_crop_detail.jpg", 
        "storage_hash": "d26becbf46ac48eda79c7a39a13a02dd", 
        "modified": "2014-01-21T06:21:02Z"
    }
},
{
    "pk": 99, 
    "model": "easy_thumbnails.thumbnail", 
    "fields": {
        "source": 37, 
        "name": "documents/2014/01/21/Snapshot_20131228_1.JPG.300x300_q85_detail.jpg", 
        "storage_hash": "d26becbf46ac48eda79c7a39a13a02dd", 
        "modified": "2014-01-21T12:04:31Z"
    }
},
{
    "pk": 100, 
    "model": "easy_thumbnails.thumbnail", 
    "fields": {
        "source": 37, 
        "name": "documents/2014/01/21/Snapshot_20131228_1.JPG.150x200_q85_box-141,0,501,480_crop_detail.jpg", 
        "storage_hash": "d26becbf46ac48eda79c7a39a13a02dd", 
        "modified": "2014-01-21T12:04:46Z"
    }
},
{
    "pk": 101, 
    "model": "easy_thumbnails.thumbnail", 
    "fields": {
        "source": 38, 
        "name": "documents/2014/01/21/IMG_20131125_160806.JPG.300x300_q85_detail.jpg", 
        "storage_hash": "d26becbf46ac48eda79c7a39a13a02dd", 
        "modified": "2014-01-21T14:59:38Z"
    }
},
{
    "pk": 102, 
    "model": "easy_thumbnails.thumbnail", 
    "fields": {
        "source": 38, 
        "name": "documents/2014/01/21/IMG_20131125_160806.JPG.150x200_q85_box-0,0,960,1280_crop_detail.jpg", 
        "storage_hash": "d26becbf46ac48eda79c7a39a13a02dd", 
        "modified": "2014-01-21T15:00:02Z"
    }
},
{
    "pk": 103, 
    "model": "easy_thumbnails.thumbnail", 
    "fields": {
        "source": 39, 
        "name": "documents/2014/01/22/got.jpg.300x300_q85_detail.jpg", 
        "storage_hash": "d26becbf46ac48eda79c7a39a13a02dd", 
        "modified": "2014-01-22T14:02:26Z"
    }
},
{
    "pk": 104, 
    "model": "easy_thumbnails.thumbnail", 
    "fields": {
        "source": 39, 
        "name": "documents/2014/01/22/got.jpg.150x200_q85_box-768,0,1579,1080_crop_detail.jpg", 
        "storage_hash": "d26becbf46ac48eda79c7a39a13a02dd", 
        "modified": "2014-01-22T16:53:04Z"
    }
},
{
    "pk": 105, 
    "model": "easy_thumbnails.thumbnail", 
    "fields": {
        "source": 40, 
        "name": "documents/2014/01/23/551205_10201657861481284_1554952743_n.jpg.300x300_q85_detail.jpg", 
        "storage_hash": "d26becbf46ac48eda79c7a39a13a02dd", 
        "modified": "2014-01-23T14:19:57Z"
    }
},
{
    "pk": 106, 
    "model": "easy_thumbnails.thumbnail", 
    "fields": {
        "source": 40, 
        "name": "documents/2014/01/23/551205_10201657861481284_1554952743_n.jpg.150x200_q85_box-15,0,256,321_crop_detail.jpg", 
        "storage_hash": "d26becbf46ac48eda79c7a39a13a02dd", 
        "modified": "2014-01-23T14:21:52Z"
    }
},
{
    "pk": 107, 
    "model": "easy_thumbnails.thumbnail", 
    "fields": {
        "source": 41, 
        "name": "documents/2014/01/24/Beat.jpg.300x300_q85_detail.jpg", 
        "storage_hash": "d26becbf46ac48eda79c7a39a13a02dd", 
        "modified": "2014-01-23T21:14:45Z"
    }
},
{
    "pk": 108, 
    "model": "easy_thumbnails.thumbnail", 
    "fields": {
        "source": 41, 
        "name": "documents/2014/01/24/Beat.jpg.150x200_q85_box-8,0,593,781_crop_detail.jpg", 
        "storage_hash": "d26becbf46ac48eda79c7a39a13a02dd", 
        "modified": "2014-01-23T21:15:02Z"
    }
},
{
    "pk": 109, 
    "model": "easy_thumbnails.thumbnail", 
    "fields": {
        "source": 42, 
        "name": "documents/2014/01/26/35877_411668548215_2090940_n.jpg.300x300_q85_detail.jpg", 
        "storage_hash": "d26becbf46ac48eda79c7a39a13a02dd", 
        "modified": "2014-01-26T05:08:18Z"
    }
},
{
    "pk": 110, 
    "model": "easy_thumbnails.thumbnail", 
    "fields": {
        "source": 42, 
        "name": "documents/2014/01/26/35877_411668548215_2090940_n.jpg.150x200_q85_box-0,19,511,701_crop_detail.jpg", 
        "storage_hash": "d26becbf46ac48eda79c7a39a13a02dd", 
        "modified": "2014-01-26T05:09:32Z"
    }
},
{
    "pk": 111, 
    "model": "easy_thumbnails.thumbnail", 
    "fields": {
        "source": 43, 
        "name": "documents/2014/02/09/As_on_21-03-2013_Large.JPG.300x300_q85_detail.jpg", 
        "storage_hash": "d26becbf46ac48eda79c7a39a13a02dd", 
        "modified": "2014-02-09T13:33:47Z"
    }
},
{
    "pk": 112, 
    "model": "easy_thumbnails.thumbnail", 
    "fields": {
        "source": 43, 
        "name": "documents/2014/02/09/As_on_21-03-2013_Large.JPG.150x200_q85_crop_detail.jpg", 
        "storage_hash": "d26becbf46ac48eda79c7a39a13a02dd", 
        "modified": "2014-02-09T13:33:55Z"
    }
},
{
    "pk": 1, 
    "model": "resources.resource", 
    "fields": {
        "club": 5, 
        "text": "", 
        "fileField": "documents/2014/01/13/Setup.docx", 
        "name": "Rpi 1.0", 
        "description": "Setting up raspbian on SD Card"
    }
},
{
    "pk": 2, 
    "model": "resources.resource", 
    "fields": {
        "club": 5, 
        "text": "", 
        "fileField": "documents/2014/01/13/First_code.odt", 
        "name": "Rpi 2.0", 
        "description": "Setting up wiringPi "
    }
},
{
    "pk": 4, 
    "model": "resources.resource", 
    "fields": {
        "club": 5, 
        "text": "", 
        "fileField": "documents/2014/01/19/blink_explained.odt", 
        "name": "Rpi 2.1", 
        "description": "Blink Explained"
    }
},
{
    "pk": 5, 
    "model": "resources.resource", 
    "fields": {
        "club": 5, 
        "text": "", 
        "fileField": "documents/2014/01/19/PWM.odt", 
        "name": "Rpi 3.0", 
        "description": "PWM on Rpi"
    }
},
{
    "pk": 1, 
    "model": "season.video", 
    "fields": {
        "html_code": "<iframe src=\"https://docs.google.com/file/d/0Bzq6rNWI79y8aFJabE42ZVYxdlNqa2ZTVkpvYnlLQVg4bHA4/preview\" width=\"640\" height=\"385\"></iframe>", 
        "club": 1, 
        "link": "", 
        "name": "DC Motors", 
        "videoFile": ""
    }
},
{
    "pk": 2, 
    "model": "season.video", 
    "fields": {
        "html_code": "<iframe src=\"https://docs.google.com/file/d/0Bzq6rNWI79y8NTduYXNSU2pkVTlNNkRaRnpVLUdSRWQwX3Nz/preview\" width=\"640\" height=\"385\"></iframe>", 
        "club": 1, 
        "link": "", 
        "name": "Encoders", 
        "videoFile": ""
    }
}
]
